>"AT1G20440 | DRE: ACCGAC;"
"ACTACATAACATATATGCCAAGTCCATTGAAACTCTTTAAATTATACATCTGTTATCCT
TTTAAATCTGATAAAATGCAATACAATAATAGATTAAAAGGATGTACTTCAACCACGTAA
CCATAGACCATTGATTAATCCAAAACAAAACCATAGACCATAGTTCGATACAGCTTCTGT
TGATAAAAGTACATGACTATGCGATTATCTAATATTAGTTTAACTCTTCATCTATATATT
AAAAACATATATCGTTTAAATTAAGAAAAAAGTGGTGATACTGATATCATGATATTCATC
TACCGACTTCAAGAAATAAGAGGGGTCATTATACAATTCAAGAAATAAATATCCATCTTT
TTGGATCATTTTAAAAATAATTAAATCTTTACAGCGTTACCTCCGCGTTGGCCTGGACCC
TTCTCTTGACACTATAAAAACCCCACTCTCTCTTATCTCATCACAAACATTACTCATTCA
CAAAACCATCTTAAAGCAACTACACAAGTCTTGAAATTTTCTCATATTTTCTATTTACTA
TATAAACTTTTAATCAAATCAAGATTAACT"
>"AT1G20450 | DRE: ACCGAC;"
"TATGCAAACTTAAATCGTGAGAATGACACAACCACTAATTCAAACCACTACATTATATA
TTCTAATCCATTCAAATTCATTAATTATACATTATATATCATATCTATATAATGTTATAA
TATACAATCAAACAATAAATTAGAAGGAAGTACCATGCAACCAAACTTCCATACGTCTCC
CGTGAACTAAAAGTACATTACTATGCAAATATCTAATATAAGTTAACTCTATATCAATAT
ATTAAAAACATAAATCCTTAAATTAAGAAAAAATATGGGGTGATTTCATTGATATTCATC
CACCGACCGACCGACGTAAAAGAAAATGGGTTCACTCTGCAACTTAAGAAATAGTAAACG
TCCTTTGCCATAATTTAAAAAACTAATGAAATCTTTAACAGCGTGTGACCTCCGCGTTGG
CCTGGACCCTCTACTTCACACACTATAAAGTCCCACTCATCACAACAATATTCATCACAC
AGCTCTTGAAAACCATCTTAAAGCAACTCAAAGCTCAAATCGAAATTTCTAGTTTCTCTT
TATCATTCACGCTAAGTGTTCAATCGAATCAAGATTAAGT"
>"AT1G20450 | DRE: ACCGAC;"
"CTTAAATCGTGAGAATGACACAACCACTAATTCAAACCACTACATTATATATTCTAATC
CATTCAAATTCATTAATTATACATTATATATCATATCTATATAATGTTATAATATACAAT
CAAACAATAAATTAGAAGGAAGTACCATGCAACCAAACTTCCATACGTCTCCCGTGAACT
AAAAGTACATTACTATGCAAATATCTAATATAAGTTAACTCTATATCAATATATTAAAAA
CATAAATCCTTAAATTAAGAAAAAATATGGGGTGATTTCATTGATATTCATCCACCGACC
GACCGACGTAAAAGAAAATGGGTTCACTCTGCAACTTAAGAAATAGTAAACGTCCTTTGC
CATAATTTAAAAAACTAATGAAATCTTTAACAGCGTGTGACCTCCGCGTTGGCCTGGACC
CTCTACTTCACACACTATAAAGTCCCACTCATCACAACAATATTCATCACACAGCTCTTG
AAAACCATCTTAAAGCAACTCAAAGCTCAAATCGAAATTTCTAGTTTCTCTTTATCATTC
ACGCTAAGTGTTCAATCGAATCAAGATTAAGT"
>"AT1G22985 | DRE: ACCGAC;"
"TTCTGCGAACCAGACTAGTTCTGCTCACTTTGGGTTCTTTCAGGTGGGCTTGAAAACTA
GACAACTGAGTCAGACCAAGATCTTTTTTTCTTTTCAAATCAATATTGTTGTTGTTGTTG
TTGTAAATCAATCTTTGTGTAGAAAAAAAAGTGAAAAAAATGATCTTGTTATGAAATTCA
AAATCCATACAGTATTTGTTTTTCCTTCATGATTTTACTTTTTTACCAATTAACTTAATA
ATATTTTTGTCCGAAAACAGATTTTTCGAAATATTTGTTGGTCATCAATTTTGAATTCAA
AACCGACTTGATGAGATTGATCAATAGTTCAATACTCATAATTACACACGGATTCTAAAA
GATAAGAGAAACAGTAAGTCGGTTAATTTTGGATTAAGTAACGCACAAGCCAAAGCCTTC
TCCTGATCGAATCATAAACCAAACAAATCTTTCTTTTAAAAGAAGCGGACACAAACCCTA
ACCACCAACCCTCTCCGTCGTCAAATTTCCCGGCGAAAG"
>"AT1G52690 | DRE: GCCGAC;"
"TGTGTATTGGTTCTTTTTAGAAAAAAGTAAATATCTATGCAGTAATGGCGGTTGCATAA
TATATGCCTTGAGTAGATGAATATCCAATATCAAGATAACGTGAGTCACCACGTGTCTAA
CATCTTCCGTAGCTCCGTTTTTACCATGACGTGTCACATAGATATAGGTCATCATGAAAA
CGAGAAACCTAACTTTAACACTCGCACATAACTCCAAGTTTCGAAACTTCGTCACATCAA
CCTAATCGGGGCACGTACCTACACACCTGTCGCGAAACTGCAACACCTATCTTGTTCTCT
CGCCGACCAAGACTTGCTATAAATAACTCTGACTAACGAGTCGGAGACAACTCACAGTTC
CAAACACACAAAAAACACAAGATCTAAAAAAAAAAGCTTTTATCATTTAGAAAAATTTGG
TTTCGAATTTCTTCGAAGAGTGAAA"
>"AT1G69870 | DRE: ACCGAC;"
"AGAATCTATCGCCATGAGTCAAAATCGTATAAATGTGACAAATGTTTATCTCTATCAAT
AATAGTAAAAATTTTAAAAGGTTCTATATAAATTTTAAGATTTTGTCAGGATCATTAAAG
TGTAGAACTAAGTCAACTGATTGATTAATAGAAAAAATCGATACAATCTCACTTCCTTTA
AGAAAATAAAAATAAAATATGCTTTAGAGAAAATAAAATCTCGCTTATTTATGAGATATC
ATATCATTTTTAGGTAAAAAAGATTAGATGTCCTTTTGAGACACATCATACCATATATAT
GACCGACAACACACATAAAACCGCGTGAACAAAAAATATCATCCATCAACCCCTTACGAT
GCAAATGTACTGTAAAAGATGGTTCATTAATTTAACATCGTATTTTAACGTTACAATTGT
ATGGAACATGGAAGGTTCACAATACGTGGAACAAAACAATAATGTTACGTACGGTGTAAG
AAAAACAAAAAAAACATAGCACTAAAATAGTTTTCTTTTAATTTTCCTCTTCAAACTTCT
CACGTGGAGGCTACTAGTGGCGAACGTCATTCAAATTTACCCACACCCACCATATATTAT
CTACTC"
>"AT2G17840 | DRE: ACCGAC;"
"ATTGTATGCAAAACAATTTAAGTTATAAGTTAAGCAATGACATGTTAATAGTTCAAACT
AAATACTGTTTTACAAATGTAATAGCATGTTATGTAGAGTAAATAATTAGTACCTTTTAT
CAGAAAAGAAAAAACGTTACTACCTTCTTTTTTTTTTTACTCAAAAACAAACAAAAGAAA
CTATCATTTCTTTATTTCAGTTAAATAATATAAAGTTTTAGTGATACGCAACTGCATAAT
AAATTATCTTTAAGTACACTCTTTTTTTGAGTTTAATGCAATTTCCGAGACGAAAAAAGC
GACCGACCGACATGAGAACAATTAACCGTGTAACAGCGCGGGAAAGATGTCGACAAGGTG
AGTTATAACCGAACCGGTTTATACCGTTTTACACGCGTCATTTACGCGTAACATCCACGT
CTTCCCAAATCTGACAGATACAGAGATACTTAACTTGGTCCCTTTCCTTCTTCTTCTTCA
AATATAAATATCTTTAATCAATTCAGAACCAAACCAAGTCAATCATTCTTCATTGATCTT
CTCCGATTTGAAATCGCCGGCGAAA"
>"AT2G21660 | DRE: ACCGAC;"
"AATTATACTAGACTACTATCGCGACTAAAATAGGGACTAGCCGAATTGATCCGGCCCAG
TATCAGTTGTGTATCACCACGTTATTTCAAATTTCAAACTAAGGGATAAAGATGTCATTT
GACATATGAGATATTTTTTTGCTCCACTGAGATATTTTTCTTTGTCCCAAGATAAAATAT
CTTTTCTCGCATCGTCGTCTTTCCATTTGCGCATTAAACCAAAAAGTGTCACGTGATATG
TCCCCAACCACTACGAATTTTAACTACAGATTTAACCATGGTTAAACCAGAATTCACGTA
AACCGACTCTAAACCTAGAAAATATCTAAACCTTGGTTAATATCTCAGCCCCCTTATAAA
TAACGAGACTTCGTCTACATCGTTCTACACATCTCACTGCTCACTACTCTCACTGTAATC
CCTTAGATCTTCTTTTCAAATTTCA"
>"AT2G42530 | DRE: GCCGAC;"
"GTATTAGGTTCTTAGAAATATATCTATATACTATTAGTAGTTTAACTACAGTTTGTACT
TAATTGAAAAAATGTTAAAAGTTGTTTTAACCTAGCTAATTGCTAAAAATGACTAAATAG
ACATACACAAAGACTTGTACATTTTCAGCTTAACGACTAATACATTTTTCCTTTATATAT
ATATCTCTATCGAGTCTAGTTATTAATGTTGAAAGTTGCAAATAAAACAGAAATGCTAAC
ATGTAAATATCGTAGCCAAAAATGCTAACATGTGTATAACGGTTATAACCACAACTTGAT
GGCCGACCTCTTTTTTCTTTTGGTAACCATAGAAATGGTTACACGTAACTAGTACGAACC
AACGAAAACTCTTCTTATTCGATAGTTAAAGATAATAGCAATGCGCAAAAATATCTAGCA
CTCACACGTGTAGTTTTGGATTCTCATTGGTCGAGAGATCTATAAAACGATACTATTGGA
GGTTAGATTTTTCTCATCTCACTTTCTCCATCTTAAAACTCTTTCTTGTATTTATTTTCC
TCCCAAAAAACATCTTTAAGAGTCCTC"
>"AT2G42540 | DRE: GCCGAC;"
"ATTTTAACCTTTTTTTTTTTACAATTGACAATCTTTTCACAACAAAAATCCACAAGAAA
CGTTAGACAATGGCATAAATTTATTTAAATTAATCCGTATATATTCGCCTTCTATGAGAA
TTGAATTCTATACCACTGTAAAATTCTTAAACGAGATAAGATTATTTTCAGCATGTAAAA
AATGGTTTGTGGTTTCAACTCATTTGGGCTATTAGTTTTACATTTAGGCTTGCAACCTTG
TCGGTTTATTTTGTGTAGGCTTTTGGTAGATTTGGGCTTGCAAACCCAAATTAACTTGTT
GGCCGACATACATTTGTTTCTATTACAAATTTAACAACAAACGTCAATAAATACACGTGA
AGGAAATGAGAACGACCCTCTTAAGTAGTACTGGAAATTGAAAAAAAGAAATCTAGAAAT
GCTAACATGTAAGTTTTTGTTACCAAAAATGCAATTTGTATGTAGCCACAATTTCATGGC
CGACCTGCTTTTTTTTTCTTCTTCTTTCTGAAAACCACAAATATGATTACACGTGGCCTG
AAAAGAACGAACAGAAACTCGGTAATGTGCAAAAAATATCTTACTCTTAATACGTGTAAT
TTTGGA"
>"AT2G42540 | DRE: GCCGAC;"
"AAAATGGTTTGTGGTTTCAACTCATTTGGGCTATTAGTTTTACATTTAGGCTTGCAACC
TTGTCGGTTTATTTTGTGTAGGCTTTTGGTAGATTTGGGCTTGCAAACCCAAATTAACTT
GTTGGCCGACATACATTTGTTTCTATTACAAATTTAACAACAAACGTCAATAAATACACG
TGAAGGAAATGAGAACGACCCTCTTAAGTAGTACTGGAAATTGAAAAAAAGAAATCTAGA
AATGCTAACATGTAAGTTTTTGTTACCAAAAATGCAATTTGTATGTAGCCACAATTTCAT
GGCCGACCTGCTTTTTTTTTCTTCTTCTTTCTGAAAACCACAAATATGATTACACGTGGC
CTGAAAAGAACGAACAGAAACTCGGTAATGTGCAAAAAATATCTTACTCTTAATACGTGT
AATTTTGGAGTGTAATAGGTCTATCGATCTATAAAACGATACTATTGGAGATTAGATTCT
TCTCATCTCACTTTGTTCATCTAAAAACTCCTCCTTTCATTTCCAAACAAAAACTTCTTT
TTATTCTCACATCTTAAAGATCTCTCTC"
>"AT3G09390 | DRE: ACCGAC;"
"GACAAAAAAGAAGTCTAACAATATCAAACAATTTTTTTATAGATATTTTTAGATATTTT
TCCTGCTAATTTTATCTAGTGTAGACAAACCCAAATATACGATTATTATAAAAACACGAA
ATACCAAGTGGACGACTGAGGTTAATAGATCTAGCCGTAGAATAAAGATCTGCATGAAAG
GCGGTGAGAATCTAAACGGTGATAAGACCATAACACACGGAACATCGGTACGCTCTCGAA
CGTACAAGAATCGACGACACACAAACACTCCACAATTATTTGAACACTGGACAATTATTG
AACCGACGTACGAGAATCAATGCGCTGAGGGTAAAGACGTAAATGAAGAACTAGTTTTGG
AGATAAGAGCGGAGAAAGATTGCGACACATGTATGGTCAATATTAATCTCATTTAGCTTA
TAAATTTGGGAGCTTCCTCTATCATTAATTTTCATTCATAAATTTTTCTTCAATTTGAAT
TTTCTCGAGAAAA"
>"AT3G24190 | DRE: GCCGAC;"
"TTGTGTAAATAGGTTTATATCTTAATATAGTTACCTTTTGATAATCCGAATAGTAACTA
TGTTTTGCGATATAAAGAAAATGCGATGCAATTCAAATAGTAACGAAAATACATAAATAT
ATATATATATATAGAGAGATTTTAATATTGTTATAATATTATTGCGATGTGGTTTTGGAT
GTGGTCTACATCATCATTCGTGTTCTATACATGAGTTGTGATTTTCTCCAATGTTAATAA
GTGAATATCGAAATCAACGGAGGAATAGAAAATATAATAAAAGCCGAAAAACCAAGGTGG
CGCCGACGTAGCACAAAGAAAAAGTACAAAAAAGTCAAAACTCGTTGCCGACGTAATGAC
TATCGGTGTAAATCCGAGGTCGCGACTTCGAATCGTTCTAAAACCCATTTTACATGCTCC
CATTTTTTTTTTCGAACAAATGATGTCACAATCTCAGAGTCAATAAATAAAATGGAAACA
AATAATCATCATATGAACTTGGTCTTGCCACGTGGACCCTCCATTGCCGTTACCTTCCGG
TGAAATACCAAACACTCCGCTTCCACTTAGAGCCGTAGAAGAGCTACTACTTCATCAACC
ACAACC"
>"AT3G24190 | DRE: GCCGAC;"
"CCGAATAGTAACTATGTTTTGCGATATAAAGAAAATGCGATGCAATTCAAATAGTAACG
AAAATACATAAATATATATATATATATAGAGAGATTTTAATATTGTTATAATATTATTGC
GATGTGGTTTTGGATGTGGTCTACATCATCATTCGTGTTCTATACATGAGTTGTGATTTT
CTCCAATGTTAATAAGTGAATATCGAAATCAACGGAGGAATAGAAAATATAATAAAAGCC
GAAAAACCAAGGTGGCGCCGACGTAGCACAAAGAAAAAGTACAAAAAAGTCAAAACTCGT
TGCCGACGTAATGACTATCGGTGTAAATCCGAGGTCGCGACTTCGAATCGTTCTAAAACC
CATTTTACATGCTCCCATTTTTTTTTTCGAACAAATGATGTCACAATCTCAGAGTCAATA
AATAAAATGGAAACAAATAATCATCATATGAACTTGGTCTTGCCACGTGGACCCTCCATT
GCCGTTACCTTCCGGTGAAATACCAAACACTCCGCTTCCACTTAGAGCCGTAGAAGAGCT
ACTACTTCATCAACCACAACCACTATCTCCTCAAAATCTCTCTCTACCGATCG"
>"AT3G50970 | DRE: ACCGAC;"
"AAGCATTAGGATTCAGAGATAAATGAGAGCTAAAGCTTCAAAATCATACCTTTTTCAAT
TCCTTCCTGATGCGAAGAAGAAAAATAAAAAAACACAGCTTGAGAAATCGAAATCAAAGC
TTTTTTCCTTTCTTTACTAACAATTTCAAAAAATCAAAAGATGAACAACAAAGGTGGAAG
AAACATACCAAACGACATCGTTTTTTAGTTTAGTAAAAGATATGCATTATTGGGCCTTTC
ATATCTAAAGGCCCACAGGCCCATATAAGTTAAAATTACGTCGGTCGCTAACCACTACTA
CACCGACGTCTTACTTGCCATGTGTGTGTGACTCTTAATCAATTACGAATTGAATATATT
ACTTTTACGATGTCGGCCAACACGTATTGAGTAAAATATCTATGTGATGATGAATTCCTA
TCCAAAATGAAATTTGCATCTCTATAAAAGTATCATTCAAGAGATCATTAATCTTCATCG
ATCAAAGTCTTGAATATTTCATCTATATATACCTAAGAAAGAAAAGAGTTAAAGAAGTAT
ATTTTCGATTCAAAGAAGAAAA"
>"AT4G14000 | DRE: GCCGAC;"
"TGACAAGAGTCATCGTCGATATTAATTTGTTCAGTAAATTTTGTGGTTTTTCACCGTTT
AACAAAATCGGAGCCCATAAGAGGATAACAGCTAAAGGGAATTGATAGTATGCTTCAGTT
CTTCTACTTCTTCTCTTTAATTAAAATTGCAAATCACTGGGATAATTAAAAAACCTTTCC
CAATTAAAAAACCAAACACTCAAAAGATAAATCAGTGAAAACAATTGATTAGTGAAATTT
ACTAAATTGCAATCACCAATGAGAAATCCCATGAAATTATTTAAAGCAAACAAATATGGA
AGCCGACTAAAAGATGTTAACGAAACCATCTATGTCAGTTGATAAGCTGGACATCACTGC
GTGGGAAGCCAATAGATTCCAGACGGAAGCCGACCAAAGATGTTAAAGAAACCATCCATG
TCAGAAGAGAAGCCGGAAATCACGGCTGAGGAAGCCAGTTGATTCCGGACGGAAGCCAAC
TATCTTGGCTAACAGAGTCATAAGATGCTGGATAAAAGCCCGAGTCATACGAGACGGCGA
TTTACTGAAAAATTCAGTCGGTAGAAACAGAGTTCATCTCTGTAAAAGATATGTAGGAAA
AAAGAG"
>"AT4G14000 | DRE: GCCGAC;"
"CAGCTAAAGGGAATTGATAGTATGCTTCAGTTCTTCTACTTCTTCTCTTTAATTAAAAT
TGCAAATCACTGGGATAATTAAAAAACCTTTCCCAATTAAAAAACCAAACACTCAAAAGA
TAAATCAGTGAAAACAATTGATTAGTGAAATTTACTAAATTGCAATCACCAATGAGAAAT
CCCATGAAATTATTTAAAGCAAACAAATATGGAAGCCGACTAAAAGATGTTAACGAAACC
ATCTATGTCAGTTGATAAGCTGGACATCACTGCGTGGGAAGCCAATAGATTCCAGACGGA
AGCCGACCAAAGATGTTAAAGAAACCATCCATGTCAGAAGAGAAGCCGGAAATCACGGCT
GAGGAAGCCAGTTGATTCCGGACGGAAGCCAACTATCTTGGCTAACAGAGTCATAAGATG
CTGGATAAAAGCCCGAGTCATACGAGACGGCGATTTACTGAAAAATTCAGTCGGTAGAAA
CAGAGTTCATCTCTGTAAAAGATATGTAGGAAAAAAGAGAGAACTTTTTGTTTTGCTGTA
AAGAACTTTGGATGCAAATGTTTTTACTATTTGTGAAACTATTATTTTATATTTATAGCC
AAATTT"
>"AT4G14000 | DRE: ACCGAC;"
"AAAAAAGAGAGAACTTTTTGTTTTGCTGTAAAGAACTTTGGATGCAAATGTTTTTACTA
TTTGTGAAACTATTATTTTATATTTATAGCCAAATTTAATTTTTTAACTAAACAAAAATT
ATGCCGTCCATATAGTATCCTGTAAATTAAGTTTTAGATTATTAATTTTGTTAATTATTG
ATAAAAAAAACTCAAATAATGTCATATTTTCTCTTAATTCAAAAGTTAATTGTGTATAAT
TTGATTGGTTCCCCCAAAAGAAAAATTGATTGGTTTAGTGAACCGATAAATCCAATCTCG
TACCGACCGGTTCAATGGGTTTTGTATTTGCTCCTCTGTGCTCTGGCCTCTACACTTTGG
ATAGCTGCCGCCGAAGTTTTGTGCA"
>"AT4G15910 | DRE: ACCGAC;"
"TATCTCTAGTCTCCACCACTGAAAGTTTTCAGCCTAAATTTTGGCTCGGGTTGTTTGGT
TTATGAAGCTTTTATAGTGTAACTACACAGCTGATACGAAGAAACCAAGTGTAAAAACAA
AACAGCTGATACGAAGAAACCAAGTGTAAAAACAAAAGAAAATATTGAAATAGTAAACAA
TTTGAATGGAAAAGATCCACTAAAAAGAGACGGTGATGGTGAGCTCGTTTGCGCGAAGAC
ACCTGTGTGTTGGTTTTGCAATACGTAAGTGACACGTTCTAGTTATCATCATTCAGATCT
CACCGACCTCTTCTGATCTTTTGTACCAAAGTATACTTGTTTATTCGCAGATCTTTTGTA
GACTTTTCACCTTTTTAACTGCCAGTATCGTTTAGTGGAAGACGTACATTGGTTTTTACG
TCTTCTATTTCTTTCAATTCAATCATCAAACTATCAAAGCATCAAACTATCATAGCTTTC
TCACTAGTCACTTGTGGGTTTCTCGAAAACAGGCAAAAACATAAATAAAACCCCCCAAAA
AAATGAATTAGCCATTTACTATTTTCACATTTCAGTTTTTAACCTTACTTTGGCAGTAAG
TATGAG"
>"AT4G24960 | DRE: ACCGAC;"
"ATATGTTTTACTTGAATCAACTATTTGTTGGGTTTTACGAAGTTACTTGTTAAGAAGAT
TCAAAATATATATAATTAGACTATCAAAGGAACAAAAGAATGTAATTGGGTCATAACTTT
TTCCGAAGCTTACGTGACTTGGGAGAAAATCAAACCCATTAGTTTCACCCTTAATCAAAC
TAATCACAAATTTTGAACTTTGCAAAGAAGGTAAAATAATAATCAGCAAAAAGATTAATA
AAATGACAAAAGTATCTCTTTAAAAGATTAATAAAGAAATAAAGAAATGACATAAGCTCT
CACCGACCGACGTCTTGTCTTTTTTATTCTTAAGGTCGGTGCCATGTCGACGCCTTCAAG
CTTAGAATCTCGCCACGTGTGGGATAAACTAACCGAACCCAATCGAACCAGACAGACCAA
AGACAGACCAGACCGGACTAGTTGTATGTCGGCATCAGCGTTCTAGTACGACGTTAATTA
AAAAAATAAAAATAAAATATTATTTATGATATTCCACCAATAAGAGCCAATGAAAAGTGT
GTGAACCAACCAACTTCTGTAGCAAACCGTACCATTTCTCTCTTAGATACCTTTACCTTC
CTTCTA"
>"AT4G33070 | DRE: ACCGAC;"
"AGCAATTACACTTCTTCATTGAAACTTTAAAAGTGAACCCAAAGAATTAACTCAATAAT
AACTGATGAGTATACAAATTATTGTTTCCGGCTAAAAACCTGAAATTAACTCAAATTTGG
AATGGGGATATTATAACTTTGTTCCCACGTATAACAAATTAGTTCATAATTAAGAGGAGA
ATCACAAAAATAACTGATGTATTGATGTTCAATTTTGGAAAATTAAGATATTTCCAATGG
TAATAATCTGTTACAGCCTTACTGGGAGTAGTATGATACTAAAACAGTAAATGCATTTTA
GACCGACATAAACAATAATTAAGAAGAAGAATGTTTGGGTCAAATCTCAAAGTTAGATAT
TATTTTTTTGCTTTTTGCACAAGAAAACAGAAACCAAAAACCACTAGTCAAAAAACCACC
CATGTATTCCTCCTAGTCTCTAATCCAACAACTATATAAAAACCTCTCCCATTCTCATTT
TGTTACTCATCCCAAAAATAAAAAGAGTATATCTCTCACACACATACACAAACTTGACAG
TTTTTTAATTTCTCTGTTAGTGAACTCAAACCTTCCCATTTCC"
>"AT5G04340 | DRE: GCCGAC;"
"ATCATAGATTTAATCACTGATGCCCAATACAAATTTGTCAACATGATATAGTTTGCCAA
ACCTAAAGAAGAAACATAGATAAAGGTTACATTAGAAGGGGGGCACTATAGTGGCACTAG
TTCACTAGGTCATTCCTTTCACCCAAGTTCGAAACCTCACCTTTTAAGCGGTTACATATT
CATCTCTCAAGTGGGCCTCGAGATTAAAATTAAAAAGGTTACGTTGATATTGATGGGTTT
AGACATTAATAGTAGGTATTAATTCGATAAGTTATGAAAAGACAGTAAAACTGGTTAAGT
AGCCGACTTAATTTGGCCTTTTGTATCTCCACTTGGTTGGTTGGTTGGTTGGTTGGTCAG
CAAAACACCTAAGTGAGAGCTCTCTAGAATATTCTTAAGTGATAAGAATTGAAGAAGGCG
GCATTACTTACTTACTAGAAAGAAATGAGAACAAGTCTTCTTAGCCGACTTCCACAAACA
CGTGTACCAAGTCAAACCAAATGTGCCCAAACCAAACTTAGATACTTTCACTTTTCATCT
CTAGTCCACACAACATTATATATAATTAAAATAAATATATCAAATTAAAGTGATTATCGA
CTTCTT"
>"AT5G04340 | DRE: GCCGAC;"
"TTAAGCGGTTACATATTCATCTCTCAAGTGGGCCTCGAGATTAAAATTAAAAAGGTTAC
GTTGATATTGATGGGTTTAGACATTAATAGTAGGTATTAATTCGATAAGTTATGAAAAGA
CAGTAAAACTGGTTAAGTAGCCGACTTAATTTGGCCTTTTGTATCTCCACTTGGTTGGTT
GGTTGGTTGGTTGGTCAGCAAAACACCTAAGTGAGAGCTCTCTAGAATATTCTTAAGTGA
TAAGAATTGAAGAAGGCGGCATTACTTACTTACTAGAAAGAAATGAGAACAAGTCTTCTT
AGCCGACTTCCACAAACACGTGTACCAAGTCAAACCAAATGTGCCCAAACCAAACTTAGA
TACTTTCACTTTTCATCTCTAGTCCACACAACATTATATATAATTAAAATAAATATATCA
AATTAAAGTGATTATCGACTTCTTCACTCTTCTTCAACTCTTTCTCATCTCTCGACACGC
AACTTCCTTCCTCTTCAGACTCCTCTGACTTTACTATATATAACACACACACTTTCATTT
CTTGTTTCTTCAAATCAAATCTTTTCATTTACAATTATCTTTCTTCTCAATTTAGAACTT
AGTAGC"
>"AT5G15960 | DRE: ACCGAC;"
"TTGTCTTCGCAAATAAGAGCACGAAATGTTTGCCAAACGCATATGCAACAAACCCACGT
TACATAATTCTGTTTACAGCCATAGAGCAAGCTATATTGTTAAAGACCTAAAAAAAACTT
TACTATAACATATAGAGGCTTCGAGATATTTCGAAAGACTCAACTTATATATAAATAAAC
TCAAAAAGAAAACACGGAGGCGAGAGGATCATACTCTCACACAGAAAGAGTCACATTATT
ATATCCTCTAAAAAACCAAACTAAAACGACACGTGAAGTCTTGATCAGCCGATAAATAGC
TACCGACATAAGGCAAAACTGATCGTACCATCAAATGTAATCCACGTGGTTTTAGATTAC
TCGTGGCACCACACTCCCTTTAGCCTATAAATATAAACCATTAAGCCCACATCTCTTCTC
ATCATCACTAACCAAAACACACTTCAAAAACGATTTTACAAGAAATAAATATCTGAAAAA
"
>"AT5G15970 | DRE: ACCGAC;"
"CGCCAAGAAGAGCACGAAATGTTTGCCAAACGCATATGCAACAACCCCACGTTACATAT
TTCTATTTGTAGCTATAGAGCAAGCTATATTGTTAAAAACTAAAAAGAAAATCTTTACTA
TAACATATAGATAGAGGATTCGAGATATCTTGAAAGACTCAACTTAATAAATAAAGTCGA
AAAGAAAACACGGAGGCGAGAGGACCACACACTCGCACAGAAAGAGTCTCATATCCTCTA
TAACAAATTGATAAACTAAACTAAAACGACACGTGATGTCTTGATCAGCCAATAAAAAGC
TACCGACATAAGGCAAAAATGATCGTACCATTAAACGTAATCCACGTGGTTTCAGATTAC
ACGTGGCACCACACAAGTATCTCCATTTGGCCTATAAATATAAACCCTTAAGCCCACATA
TCTTCTCAATCCATCACAAACAAAACACACATCAAAAACGATTTTACAAGAAAAAAATAT
CTGAAAA"
>"AT5G52300 | DRE: ACCGAC;"
"CAGACTGTATCAGTGATGATGATGATGATGAAGAAGAGAACGAATTTTGAAATTGGCGG
TTTTGAATTTTTAAGAAATTAAAAAATATCCCCCGTCGATTTCAAGAGGGAGATGGAGAT
ACCAAAGCAACTCTCGCCACTTGTCGTCTTTTAATTTTAATTGAGTACGTTATGCCGTTT
TAAATGTTCAAAACAGCACACAGTTGATAGCTGAATTGATTTTTTCTTTTGCCGTTTTGT
TATATTTAAACAACACACAGTGCATTTGCCAAATAACTACATGATGGGCCAATAAACGTG
GACCGACTAAAACTAAATAATAGAAGATACATCGATAGGCTTCTCTAAAGATCGGATAAA
AGATAATGTCGCATAGCCACGTAGAGAGCAACTGGCTGAGACGTGGCAGGACGAAACGGA
CGCATCGTACGTGTCAGAATCCTACAGAAGTAAAGAGACAGAAGCCAGAGAGAGGTGGTT
CGGCCATATGTCATCGTTCTCTCTATAAACTTTATGGAACTTTGTTCTGATTTTCTCAGA
GACACGAAAAGAAAGAAAACAACACTAGAACAAAGAGGGTTTGATTGATTCACTTGAAAA
AGAGAA"
>"AT5G52310 | DRE: GCCGAC;"
"CATTCAATTTTAATTTTACGTATAAAATAAAAGATCATACCTATTAGAACGATTAAGGA
GAAATACAATTCGAATGAGAAGGATGTGCCGTTTGTTATAATAAACAGCCACACGACGTA
AACGTAAAATGACCACATGATGGGCCAATAGACATGGACCGACTACTAATAATAGTAAGT
TACATTTTAGGATGGAATAAATATCATACCGACATCAGTTTGAAAGAAAAGGGAAAAAAA
GAAAAAATAAATAAAAGATATACTACCGACATGAGTTCCAAAAAGCAAAAAAAAAGATCA
AGCCGACACAGACACGCGTAGAGAGCAAAATGACTTTGACGTCACACCACGAAAACAGAC
GCTTCATACGTGTCCCTTTATCTCTCTCAGTCTCTCTATAAACTTAGTGAGACCCTCCTC
TGTTTTACTCACAAATATGCAAACTAGAAAACAATCATCAGGAATAAAGGGTTTGATTAC
TTCTATTGGAAAGAAAAAAATCTTTGGAAA"
>"AT5G52310 | DRE: ACCGAC;"
"ACAAGATTTCCATTTGACTAGTGTAAATGAGGAATATTCTCTAGTAAGATCATTATTTC
ATCTACTTCTTTTATCTTCTACCAGTAGAGGAATAAACAATATTTAGCTCCTTTGTAAAT
ACAAATTAATTTTCGTTCTTGACATCATTCAATTTTAATTTTACGTATAAAATAAAAGAT
CATACCTATTAGAACGATTAAGGAGAAATACAATTCGAATGAGAAGGATGTGCCGTTTGT
TATAATAAACAGCCACACGACGTAAACGTAAAATGACCACATGATGGGCCAATAGACATG
GACCGACTACTAATAATAGTAAGTTACATTTTAGGATGGAATAAATATCATACCGACATC
AGTTTGAAAGAAAAGGGAAAAAAAGAAAAAATAAATAAAAGATATACTACCGACATGAGT
TCCAAAAAGCAAAAAAAAAGATCAAGCCGACACAGACACGCGTAGAGAGCAAAATGACTT
TGACGTCACACCACGAAAACAGACGCTTCATACGTGTCCCTTTATCTCTCTCAGTCTCTC
TATAAACTTAGTGAGACCCTCCTCTGTTTTACTCACAAATATGCAAACTAGAAAACAATC
ATCAGG"
>"AT5G52310 | DRE: ACCGAC;"
"CATTATTTCATCTACTTCTTTTATCTTCTACCAGTAGAGGAATAAACAATATTTAGCTC
CTTTGTAAATACAAATTAATTTTCGTTCTTGACATCATTCAATTTTAATTTTACGTATAA
AATAAAAGATCATACCTATTAGAACGATTAAGGAGAAATACAATTCGAATGAGAAGGATG
TGCCGTTTGTTATAATAAACAGCCACACGACGTAAACGTAAAATGACCACATGATGGGCC
AATAGACATGGACCGACTACTAATAATAGTAAGTTACATTTTAGGATGGAATAAATATCA
TACCGACATCAGTTTGAAAGAAAAGGGAAAAAAAGAAAAAATAAATAAAAGATATACTAC
CGACATGAGTTCCAAAAAGCAAAAAAAAAGATCAAGCCGACACAGACACGCGTAGAGAGC
AAAATGACTTTGACGTCACACCACGAAAACAGACGCTTCATACGTGTCCCTTTATCTCTC
TCAGTCTCTCTATAAACTTAGTGAGACCCTCCTCTGTTTTACTCACAAATATGCAAACTA
GAAAACAATCATCAGGAATAAAGGGTTTGATTACTTCTATTGGAAAGAAAAAAATCTTTG
GAAA"
>"AT5G52310 | DRE: ACCGAC;"
"TCCTTTGTAAATACAAATTAATTTTCGTTCTTGACATCATTCAATTTTAATTTTACGTA
TAAAATAAAAGATCATACCTATTAGAACGATTAAGGAGAAATACAATTCGAATGAGAAGG
ATGTGCCGTTTGTTATAATAAACAGCCACACGACGTAAACGTAAAATGACCACATGATGG
GCCAATAGACATGGACCGACTACTAATAATAGTAAGTTACATTTTAGGATGGAATAAATA
TCATACCGACATCAGTTTGAAAGAAAAGGGAAAAAAAGAAAAAATAAATAAAAGATATAC
TACCGACATGAGTTCCAAAAAGCAAAAAAAAAGATCAAGCCGACACAGACACGCGTAGAG
AGCAAAATGACTTTGACGTCACACCACGAAAACAGACGCTTCATACGTGTCCCTTTATCT
CTCTCAGTCTCTCTATAAACTTAGTGAGACCCTCCTCTGTTTTACTCACAAATATGCAAA
CTAGAAAACAATCATCAGGAATAAAGGGTTTGATTACTTCTATTGGAAAGAAAAAAATCT
TTGGAAA"
>"AT5G58670 | DRE: GCCGAC;"
"CTTAATAGTATTGACCAAAAAAATCAATAATATTGACAATAAATAATCTGTATTGACAA
TTACATCATGAGCGAAAAAAACAAAAAGGTTAATTAACACATGAGCTGTTTCACATGATG
ATTTGCTCATCAATGACAAATTAAAATTTGTTGATTTTTTCTTACGGCGACACGCCTACC
ACCATTTTCTCAGCCATTGGCTACACACACTTCGCCACGTTTTTTTTTTACTTTGGGTCA
ACGGTTCTGTTTTCAGTCAGCGGCTCTGTTTCGGTTTATAATACTAACTTTATTTCGGAC
AGCCGACAGATCATTCTCATTTTTCTTTCTTTATCTATTTTTGTACTAAGAATAATTCAT
AGATTTTTTCCTAGAAAAATTCATAGATTTAATTGGTTCATTGAGATAGAGATAGAGATA
TAAATGTGTTTCACGAACAAGAACAAACACATCAAGTCTCTCTGTTTCTTGTTTTTCTCT
CTCGCTTAACTTTCACAAGAAAAAAAAAAG"
>"AT5G62350 | DRE: GCCGAC;"
"CAGAATATCAAAGTTAGTCGGGTAAGTTCCAACTAATAACCGAGCCCTGTTTGGCTTTG
AGCATTAGTAGTAATCAAAGTAAACATATGATAGAAAAGTTATTATAATCTATTATATAC
AGATTAATATGTACGATTCCAGATTCTATTTATGTTTCTCGTATGTAAAACATATAATGT
GAACCTACTTAAACTATACTAAGACTATTAGTTTGGTTTCAAATTAGATTAATTAGTTTA
ACCAAACTGAACATATCCCTAGATTGTAAAAGTCTAATATATCCACTAATTATTTTTGCT
TGCCGACCTCTAATCCACAACTTTTTGTTTTTCCATTTCCACTGATTTTCAACATTCCAC
CGGGTGTTACCAACAGTAACATACATACAGTGAATTTTTTCAACACTCCACCGCATGTTA
CCAATAGTAGCAAAACCCTCGACAAAAATTTGTACCGACTATAAATATTCAACTCCAACT
CTTTCCTCTCCACACACTCAAATATCTCTCCAACACTAAAATAATTGTACCGACTCTCTC
TCTCTCTCTCTCCGTAACAAAAAAATCACCA"
>"AT5G62350 | DRE: ACCGAC;"
"GACGACTTTGTTTATTACCGTCATATTGTAGTAACCTAATTTTATTACCTAACATTCAT
TTGAACATTAAAAACATTAATGTCATTTGATTGGAAGAGTTTATTAATGACCATTATTTC
CTTATTTCCAAACCTAATAAACCCATTATTTCCTTATATTAAATTATGGCTTGATTGGTG
CAATTTCTTTCTAGCTCTTTCTGTTTCCGTCTTGATTCGAATAAAAACGACAAATGTTAT
CTCTACCCGTATCCGATTATGTTTAATATATTATGCATTGATATTTCACGCTACGATCTG
GACCGACGTTTAGTGTGGACCCTGTCACGAGTTTTATCTATGACGGACCAAAAGAAAAAC
TAATTAAAGCAGAATATCAAAGTTAGTCGGGTAAGTTCCAACTAATAACCGAGCCCTGTT
TGGCTTTGAGCATTAGTAGTAATCAAAGTAAACATATGATAGAAAAGTTATTATAATCTA
TTATATACAGATTAATATGTACGATTCCAGATTCTATTTATGTTTCTCGTATGTAAAACA
TATAATGTGAACCTACTTAAACTATACTAAGACTATTAGTTTGGTTTCAAATTAGATTAA
TTAGTT"
>"AT5G62350 | DRE: ACCGAC;"
"GTTTCTCGTATGTAAAACATATAATGTGAACCTACTTAAACTATACTAAGACTATTAGT
TTGGTTTCAAATTAGATTAATTAGTTTAACCAAACTGAACATATCCCTAGATTGTAAAAG
TCTAATATATCCACTAATTATTTTTGCTTGCCGACCTCTAATCCACAACTTTTTGTTTTT
CCATTTCCACTGATTTTCAACATTCCACCGGGTGTTACCAACAGTAACATACATACAGTG
AATTTTTTCAACACTCCACCGCATGTTACCAATAGTAGCAAAACCCTCGACAAAAATTTG
TACCGACTATAAATATTCAACTCCAACTCTTTCCTCTCCACACACTCAAATATCTCTCCA
ACACTAAAATAATTGTACCGACTCTCTCTCTCTCTCTCTCCGTAACAAAAAAATCACCA"

>"AT5G62350 | DRE: ACCGAC;"
"TTAATTAGTTTAACCAAACTGAACATATCCCTAGATTGTAAAAGTCTAATATATCCACT
AATTATTTTTGCTTGCCGACCTCTAATCCACAACTTTTTGTTTTTCCATTTCCACTGATT
TTCAACATTCCACCGGGTGTTACCAACAGTAACATACATACAGTGAATTTTTTCAACACT
CCACCGCATGTTACCAATAGTAGCAAAACCCTCGACAAAAATTTGTACCGACTATAAATA
TTCAACTCCAACTCTTTCCTCTCCACACACTCAAATATCTCTCCAACACTAAAATAATTG
TACCGACTCTCTCTCTCTCTCTCTCCGTAACAAAAAAATCACCA"
>"AT2G23120 | DRE: GCCGAC;"
"ACTTTAAAATTCAACCAAAAGGCCCATAAGTACTACAGCCGACATCAGCAGACAACAAG
CCACGTCGATCTCGAGGAACCGCGTAATTAACGTGTCGGAATCACACGAGCCACCGTGTA
CTAGATAGCTCCATAAAAGCAGACACATCTCATGAAGCAGAACCTAAAACCTTTAATAGC
AAACGAAAAATAAAAAAGAAGAAACTAACAAAACAAAAAAAAAAATGGAGGCCGGGAAAA
CACCACCGACGACGACAACAACGACGGAGAAGAAAACGGAGCAAGTGAAAGACAACGACT
TGCCGACCGATAGCCCTTACATGGCGACGGGTACTTTGGAAGATTACAAATTGAAAGCTT
ATGGAGCCGAAGGTCACCAAGAGCCTACTCCTGGTCTTGGAGGTGGCTCCACCGATGCTC
CTACTCCTTCTGGCGACGCACCCGCCGCCACTACCACCGATGCGAAAGCTCCGTGAAAAA
AAAGAAAGACTATAATAATGAACGGGTTTTGTGGATCGTCGGAAAACAAACCCATAATTG
TAGTATGTTCAATAACTGATCCAGCTTCGTTTCTTAACGTTTTTATGGTTTAATTAAAAA
TGTATT"
>"AT2G23120 | DRE: ACCGAC;"
"GGTTCAACTCAATTATTCGCCTTAAACCCACTTTAAGAAAAGCCCACTGAAAAGCCTAC
TTTAAAATTCAACCAAAAGGCCCATAAGTACTACAGCCGACATCAGCAGACAACAAGCCA
CGTCGATCTCGAGGAACCGCGTAATTAACGTGTCGGAATCACACGAGCCACCGTGTACTA
GATAGCTCCATAAAAGCAGACACATCTCATGAAGCAGAACCTAAAACCTTTAATAGCAAA
CGAAAAATAAAAAAGAAGAAACTAACAAAACAAAAAAAAAAATGGAGGCCGGGAAAACAC
CACCGACGACGACAACAACGACGGAGAAGAAAACGGAGCAAGTGAAAGACAACGACTTGC
CGACCGATAGCCCTTACATGGCGACGGGTACTTTGGAAGATTACAAATTGAAAGCTTATG
GAGCCGAAGGTCACCAAGAGCCTACTCCTGGTCTTGGAGGTGGCTCCACCGATGCTCCTA
CTCCTTCTGGCGACGCACCCGCCGCCACTACCACCGATGCGAAAGCTCCGTGAAAAAAAA
GAAAGACTATAATAATGAACGGGTTTTGTGGATCGTCGGAAAACAAACCCATAATTGTAG
TATGTT"
>"AT1G01470 | DRE: ACCGAC;"
"ATTCCGCAGCTGTCGACTAATTGGACACGCTTCTTCCAATCCCTTTCCACTAATCATCC
ATCAACACGTGACATGCCTACAGTGCACGACTTCACAGTGATCATGTCAAAGTTTTGTTT
TTAAGAGAAGAAGATTCACGACTTCACAGTGATCATAGTCCAGTTACAAATTTGAATGGG
CTTATGGCCTGTGGCCCATTTAAGTTTGACCTTAATATCCATCAGAAACCCATACCAATA
CGGGTCATAAGTGCATTGTCCATATAGTGTACCGCAATGCATGGGAGTACTACTACATTC
CACCGACGTGCATATGGGGGGACATGGTCGGTCCATTAATCCCTTGCGCATCTTATTCCT
TACGCGAATACTTTTCCCTCTTTTAGTTTTGTATAATACTTTCCATTTTTTTGGTATTAA
ATTTATCGTGTGACTATCTAAAAAGGTATTTAATTATCTAGTTTAGCTATAACTGCAAAC
AAAATATCTATTTTCATGAATGATATATTTTTGAAATAAAATATTGTTGTCATGTAACGA
AAAAATCAAAAATCAAGCAGAAGACACGTATAACCCACGCTTTCACTCTCACTCGTGGAA
AACCCT"
>"AT1G01470 | DRE: ACCGAC;"
"ATCTTATTCCTTACGCGAATACTTTTCCCTCTTTTAGTTTTGTATAATACTTTCCATTT
TTTTGGTATTAAATTTATCGTGTGACTATCTAAAAAGGTATTTAATTATCTAGTTTAGCT
ATAACTGCAAACAAAATATCTATTTTCATGAATGATATATTTTTGAAATAAAATATTGTT
GTCATGTAACGAAAAAATCAAAAATCAAGCAGAAGACACGTATAACCCACGCTTTCACTC
TCACTCGTGGAAAACCCTCACACGTACACAAACCATTATAAAATTTAATCCATTTACATC
GACCGACTTCATAAGAACATCGTAATCCCATCCGTTTATATATATATTCCAAGTTAAACT
TCATATCATACACACAAACCTAAAACACCGAAACAAAAACAAAGAGATTTAAACAAGAAG
AGTTATTATGGCGAGCTTGCTAGATAAAGCCAAGGACTTCGTGGCGGATAAACTCACCGC
GATCCCTAAACCGGAGGGTTCAGTTACGGACGTTGACCTCAAAGACGTGAACCGTGACTC
AGTTGAGTACTTGGCCAAAGTCTCTGTCACCAATCCTTACAGTCATTCGATTCCGATCTG
TGAGAT"
>"AT1G20440 | DRE: GCCGAC;"
"AAGCAAAATCCGAAATTGTGCGTTCTCAAATGCCCCATCTGTTAAATTTTATAAGGAAA
AAGCTTTCGTCTGTTATCATACAAGGCACAAAACGACATCCCTTACCTAAACTGTTATAC
TTATAAAAACAAATTGATTTCAAAATTAAAATCTGCTATGCTGCATGTACATTCTTTTGG
TAACGTCTTAATTCTTAAAAAGGATTAGAGGAGTGACAAAAAAAAAAAAAAAAAAAAAAA
GGATTAGAGGAGTAATGGCATGTTAGTAATTTACCCGAAAAATATCTGCAATCTAGCTTT
AGCCGACGTGTCTAATGGCCCACATGACCGACATCTATGCTTAAAGCCAATCAAAGCCGA
CCATTCAGCTCCATGTGTGGGCCCGTTCCCACCTCTTTTAATACGTGTCAGTAAATTATT
GGTTCAATTCATGCCTTCTACATTATTCTGTTTTTCTTCTAATTCGTCCTAACTTCTATT
GTATAATTAGTCTTTCCATTTAGTACTGATCCTTTGGCTAGATAATTCTGTTAATACTTA
ATAGTTCGGTTATAATTCTTCCCTTTTAATTTGCCCCTTTATTTATAGTATATTTTACAG
ATACAA"
>"AT1G20440 | DRE: GCCGAC;"
"GGAAAAAGCTTTCGTCTGTTATCATACAAGGCACAAAACGACATCCCTTACCTAAACTG
TTATACTTATAAAAACAAATTGATTTCAAAATTAAAATCTGCTATGCTGCATGTACATTC
TTTTGGTAACGTCTTAATTCTTAAAAAGGATTAGAGGAGTGACAAAAAAAAAAAAAAAAA
AAAAAAGGATTAGAGGAGTAATGGCATGTTAGTAATTTACCCGAAAAATATCTGCAATCT
AGCTTTAGCCGACGTGTCTAATGGCCCACATGACCGACATCTATGCTTAAAGCCAATCAA
AGCCGACCATTCAGCTCCATGTGTGGGCCCGTTCCCACCTCTTTTAATACGTGTCAGTAA
ATTATTGGTTCAATTCATGCCTTCTACATTATTCTGTTTTTCTTCTAATTCGTCCTAACT
TCTATTGTATAATTAGTCTTTCCATTTAGTACTGATCCTTTGGCTAGATAATTCTGTTAA
TACTTAATAGTTCGGTTATAATTCTTCCCTTTTAATTTGCCCCTTTATTTATAGTATATT
TTACAGATACAACCTGAAAGTCTTAAAAGAGTTGGAAACATCACTTTTGAAGTTTGAAAT
TTCTTT"
>"AT1G20440 | DRE: ACCGAC;"
"TCAAATGCCCCATCTGTTAAATTTTATAAGGAAAAAGCTTTCGTCTGTTATCATACAAG
GCACAAAACGACATCCCTTACCTAAACTGTTATACTTATAAAAACAAATTGATTTCAAAA
TTAAAATCTGCTATGCTGCATGTACATTCTTTTGGTAACGTCTTAATTCTTAAAAAGGAT
TAGAGGAGTGACAAAAAAAAAAAAAAAAAAAAAAAGGATTAGAGGAGTAATGGCATGTTA
GTAATTTACCCGAAAAATATCTGCAATCTAGCTTTAGCCGACGTGTCTAATGGCCCACAT
GACCGACATCTATGCTTAAAGCCAATCAAAGCCGACCATTCAGCTCCATGTGTGGGCCCG
TTCCCACCTCTTTTAATACGTGTCAGTAAATTATTGGTTCAATTCATGCCTTCTACATTA
TTCTGTTTTTCTTCTAATTCGTCCTAACTTCTATTGTATAATTAGTCTTTCCATTTAGTA
CTGATCCTTTGGCTAGATAATTCTGTTAATACTTAATAGTTCGGTTATAATTCTTCCCTT
TTAATTTGCCCCTTTATTTATAGTATATTTTACAGATACAACCTGAAAGTCTTAAAAGAG
TTGGAA"
>"AT1G20440 | DRE: ACCGAC;"
"ACTACATAACATATATGCCAAGTCCATTGAAACTCTTTAAATTATACATCTGTTATCCT
TTTAAATCTGATAAAATGCAATACAATAATAGATTAAAAGGATGTACTTCAACCACGTAA
CCATAGACCATTGATTAATCCAAAACAAAACCATAGACCATAGTTCGATACAGCTTCTGT
TGATAAAAGTACATGACTATGCGATTATCTAATATTAGTTTAACTCTTCATCTATATATT
AAAAACATATATCGTTTAAATTAAGAAAAAAGTGGTGATACTGATATCATGATATTCATC
TACCGACTTCAAGAAATAAGAGGGGTCATTATACAATTCAAGA"
>"AT1G20450 | DRE: GCCGAC;"
"TTTTTTTTTTTTTTTGTATATCTGTTCAATCTTATTTAAATGTAATGACAAATTAAATG
AAGTTTACGTTAGTAATATAAGCTGACAAACAACACCACATTACATACATAAAATTAAAT
TCTTTTAAGTATTTCAATAACGTTTCTTTATCTTAAAAATTAAATTTACTTCGAGAGCTT
CCTACTTCGTCAAAAATAAAATTTTACTTTGCTGCATGTTTTTACTTTCTTTTTGTAACG
TCTTAAAAAGGTGATTAACGTCAACTTAATTCACCGAAAGTCTCTGCAATTGATATTTTC
TGCCGACGTGGCATAAGAAGTCCGATTGGCCCACATGACCGACATCCACGCTTAAACCAA
TCAAAACCGGCCATTCAGTTCCATCTGTGGGCTCCTGAAACGTTCTCTTGACACGTGTTT
ACCATATATTGGCTTAATCCATCCATAGTCTTTCTATTTACTGACAGGTAGTATTTTTCC
TATCAATTATTTATTTTCACGTGGCATGATGGCTATGGCTAGTTGAACCTGTGAATAACT
TGGTCATATCTACTCTCTATTTATTTAGATGATTCATTTTCTTGAAGGACTTGCAATTTT
ATCCCC"
>"AT1G20450 | DRE: ACCGAC;"
"TAAATGTAATGACAAATTAAATGAAGTTTACGTTAGTAATATAAGCTGACAAACAACAC
CACATTACATACATAAAATTAAATTCTTTTAAGTATTTCAATAACGTTTCTTTATCTTAA
AAATTAAATTTACTTCGAGAGCTTCCTACTTCGTCAAAAATAAAATTTTACTTTGCTGCA
TGTTTTTACTTTCTTTTTGTAACGTCTTAAAAAGGTGATTAACGTCAACTTAATTCACCG
AAAGTCTCTGCAATTGATATTTTCTGCCGACGTGGCATAAGAAGTCCGATTGGCCCACAT
GACCGACATCCACGCTTAAACCAATCAAAACCGGCCATTCAGTTCCATCTGTGGGCTCCT
GAAACGTTCTCTTGACACGTGTTTACCATATATTGGCTTAATCCATCCATAGTCTTTCTA
TTTACTGACAGGTAGTATTTTTCCTATCAATTATTTATTTTCACGTGGCATGATGGCTAT
GGCTAGTTGAACCTGTGAATAACTTGGTCATATCTACTCTCTATTTATTTAGATGATTCA
TTTTCTTGAAGGACTTGCAATTTTATCCCCTTACTTTTATTTCTTTGAGAGATAACCTAA
AATTCT"
>"AT1G20450 | DRE: ACCGAC;"
"TATGCAAACTTAAATCGTGAGAATGACACAACCACTAATTCAAACCACTACATTATATA
TTCTAATCCATTCAAATTCATTAATTATACATTATATATCATATCTATATAATGTTATAA
TATACAATCAAACAATAAATTAGAAGGAAGTACCATGCAACCAAACTTCCATACGTCTCC
CGTGAACTAAAAGTACATTACTATGCAAATATCTAATATAAGTTAACTCTATATCAATAT
ATTAAAAACATAAATCCTTAAATTAAGAAAAAATATGGGGTGATTTCATTGATATTCATC
CACCGACCGACCGACGTAAAAGAAAATGGGTTCACTCTGCAACTTAAGAAATAGTAAACG
TCCTTTGCCATAATTTAAAAAACTAATGAAATCTTTAACAGCGTGTGACCTCCGCGTTGG
CCTGGACCCTCTACTTCACACA"
>"AT1G20450 | DRE: ACCGAC;"
"CTTAAATCGTGAGAATGACACAACCACTAATTCAAACCACTACATTATATATTCTAATC
CATTCAAATTCATTAATTATACATTATATATCATATCTATATAATGTTATAATATACAAT
CAAACAATAAATTAGAAGGAAGTACCATGCAACCAAACTTCCATACGTCTCCCGTGAACT
AAAAGTACATTACTATGCAAATATCTAATATAAGTTAACTCTATATCAATATATTAAAAA
CATAAATCCTTAAATTAAGAAAAAATATGGGGTGATTTCATTGATATTCATCCACCGACC
GACCGACGTAAAAGAAAATGGGTTCACTCTGCAACTTAAGAAATAGTAAACGTCCTTTGC
CATAATTTAAAAAACTAATGAAATCTTTAACAGCGTGTGACCTCCGCGTTGGCCTGGACC
CTCTACTTCACACA"
>"AT1G22730 | DRE: ACCGAC;"
"TATACAAAACTGAAATTTACGTACCTACACAAATGAGGATCGTCTGACTCTTTCTGATC
TCGCAAGTCGCATCGATAGCTTTCGGGACTATTTTGGCAAGTTCCACCGTCGGTACAAAT
ATTAGGACGTCCATTTGCAAGCTCCTTACACTCGTCAATATCTGGATGATCGATCATTAA
TGAGATGAATCAGATGATGATCTTAATATAGTATTGATGACTTGGAGTACGTACTGACCT
TTACAGCCGTTTAGAACATAAGGGTTACCCGTGGAATGTGCTGATGATTTTATGATCATT
GACCGACAATTCAGCAGTGGCAAGGATTATAGTAAAAGTCGTAAACTGTTTCCATTGCAT
TCTAAGAAATTGTTTCAACTATACGATACTACAATATGATAGTTGAGGTCATTGATCATA
AACTGTTTGATACTACAATATTTTTTGATACAATATGAAAAATTGTTTGAAAACTCTACC
TCTTTGTAACAAATGACAGTAAGAGTGTTAAAAATTTTGTTTCATTTTTCTGGTTAATAT
AATTCAACTGCCTTTTTTTTTAAGAAATAGGAAAATAGAGACTGAAATAGTAAATTACAT
ATAATT"
>"AT4G14000 | DRE: GCCGAC;"
"TGACAAGAGTCATCGTCGATATTAATTTGTTCAGTAAATTTTGTGGTTTTTCACCGTTT
AACAAAATCGGAGCCCATAAGAGGATAACAGCTAAAGGGAATTGATAGTATGCTTCAGTT
CTTCTACTTCTTCTCTTTAATTAAAATTGCAAATCACTGGGATAATTAAAAAACCTTTCC
CAATTAAAAAACCAAACACTCAAAAGATAAATCAGTGAAAACAATTGATTAGTGAAATTT
ACTAAATTGCAATCACCAATGAGAAATCCCATGAAATTATTTAAAGCAAACAAATATGGA
AGCCGACTAAAAGATGTTAACGAAACCATCTATGTCAGTTGATAAGCTGGACATCACTGC
GTGGGAAGCCAATAGATTCCAGACGGAAGCCGACCAAAGATGTTAAAGAAACCATCCATG
TCAGAAGAGAAGCCGGAAATCACGGCTGAGGAAGCCAGTTGATTCCGGACGGAAGCCAAC
TATCTTGGCTAACAGAGTCATAAGATGCTGGATAAAAGCCCGAGTCATACGAGACGGCGA
TTTACTGAAAAATTCAGTCGGTAGAAACAGAGTTCATCTCTGTAAAAGATATGTAGGAAA
AAAGAG"
>"AT4G14000 | DRE: GCCGAC;"
"CAGCTAAAGGGAATTGATAGTATGCTTCAGTTCTTCTACTTCTTCTCTTTAATTAAAAT
TGCAAATCACTGGGATAATTAAAAAACCTTTCCCAATTAAAAAACCAAACACTCAAAAGA
TAAATCAGTGAAAACAATTGATTAGTGAAATTTACTAAATTGCAATCACCAATGAGAAAT
CCCATGAAATTATTTAAAGCAAACAAATATGGAAGCCGACTAAAAGATGTTAACGAAACC
ATCTATGTCAGTTGATAAGCTGGACATCACTGCGTGGGAAGCCAATAGATTCCAGACGGA
AGCCGACCAAAGATGTTAAAGAAACCATCCATGTCAGAAGAGAAGCCGGAAATCACGGCT
GAGGAAGCCAGTTGATTCCGGACGGAAGCCAACTATCTTGGCTAACAGAGTCATAAGATG
CTGGATAAAAGCCCGAGTCATACGAGACGGCGATTTACTGAAAAATTCAGTCGGTAGAAA
CAGAGTTCATCTCTGTAAAAGATATGTAGGAAAAAAGAGAGAACTTTTTGTTTTGCTGTA
AAGAACTTTGGATGCAAATGTTTTTACTATTTGTGAAACTATTATTT"
>"AT4G14000 | DRE: ACCGAC;"
"GTGCACATGATGATTTTCTTTTGAAACAATTTGTGAATTTTGATAAGGGTTTATTGGTA
ACGAGTGTTTACTTGTTGCTGTAAGAACTTTTTTTTTGTTTTTTCCACAAAAGTTGGATT
TTATTGAACTGAACCAATCAATATGGGCTAATATAAACAAAAGCCGTATAACTATAATTT
TACAAGAATTAATTAAAGCCCAACATGAGCCTAAACATAACCCTAATGAAGAGGAAAATA
CAAAAAGCCTCCATCACTAACACGTGTTTCAATTAGAACAAACAGAGAGCTTCCATCACA
GACCGACTTTAACCTTGCCGTTCACCACCGATTCCGGTGACAAGAGTCATCGTCGATATT
AATTTGTTCAGTAAATTTTGTGGTTTTTCACCGTTTAACAAAATCGGAGCCCATAAGAGG
ATAACAGCTAAAGGGAATTGATAGTATGCTTCAGTTCTTCTACTTCTTCTCTTTAATTAA
AATTGCAAATCACTGGGATAATTAAAAAACCTTTCCCAATTAAAAAACCAAACACTCAAA
AGATAAATCAGTGAAAACAATTGATTAGTGAAATTTACTAAATTGCAATCACCAATGAGA
AATCCC"
>"AT2G42530 | reverse| DRE: ACCGAC;"
"AGTTAAACTACTAATAGTATATAGATATATTTCTAAGAACCTAATACTCCAATGTTAAA
TAAACAAAAACAAAAACTCACACTTCAATGCCTAATTGTTATACTATAATTATAAATACC
AATGTTACTTTCAAATATAACTATTTTGCTCAACAGCAAAAACGCTATTTACAATGCCTA
ATATTTTTTTTTTTGATAAATATGAAATAGAGCATGTACCAGCCAAGAATGAGCTTATTA
GATATGTCCCACATTGGTTGGGTATGTGAGTAATGTGCTCCTTAATTATGTGGTGTGGCA
TACCGACTTCTAGATGATATGTTTGTGACGGGAGATGAGGTGATAATTTGTTGGTGCCGG
ACCATAATTTTTCCTTCCACGGATTGTAATTCACTGCTTGGAATGGCTAAGTGGATCAAT
GTTGATTACAAGCCACCAAATTTTGAAGTTTTTGGTACAACAATGTATCATACCAATTCG
AT"
>"AT2G42540 | reverse| DRE: ACCGAC;"
"CTTTTCAGGCCACGTGTAATCATATTTGTGGTTTTCAGAAAGAAGAAGAAAAAAAAAGC
AGGTCGGCCATGAAATTGTGGCTACATACAAATTGCATTTTTGGTAACAAAAACTTACAT
GTTAGCATTTCTAGATTTCTTTTTTTCAATTTCCAGTACTACTTAAGAGGGTCGTTCTCA
TTTCCTTCACGTGTATTTATTGACGTTTGTTGTTAAATTTGTAATAGAAACAAATGTATG
TCGGCCAACAAGTTAATTTGGGTTTGCAAGCCCAAATCTACCAAAAGCCTACACAAAATA
AACCGACAAGGTTGCAAGCCTAAATGTAAAACTAATAGCCCAAATGAGTTGAAACCACAA
ACCATTTTTTACATGCTGAAAATAATCTTATCTCGTTTAAGAATTTTACAGTGGTATAGA
ATTCAATTCTCATAGAAGGCGAATATATACGGATTAATTTAAATAAATTTATGCCATTGT
CTAACGTTTCTTGTGGATTTTTGTTGTGAAAAGATTGTCAATTGTAAAAAAAAAAAGGTT
AAAATCATTACTTGTAATAGAATCGTTTCGTAATAATTTTTCTCTCTGATGTATTTCCTT
AAAGAA"
>"AT4G14000 | reverse| DRE: ACCGAC;"
"ATTTTTCTTTTGGGGGAACCAATCAAATTATACACAATTAACTTTTGAATTAAGAGAAA
ATATGACATTATTTGAGTTTTTTTTATCAATAATTAACAAAATTAATAATCTAAAACTTA
ATTTACAGGATACTATATGGACGGCATAATTTTTGTTTAGTTAAAAAATTAAATTTGGCT
ATAAATATAAAATAATAGTTTCACAAATAGTAAAAACATTTGCATCCAAAGTTCTTTACA
GCAAAACAAAAAGTTCTCTCTTTTTTCCTACATATCTTTTACAGAGATGAACTCTGTTTC
TACCGACTGAATTTTTCAGTAAATCGCCGTCTCGTATGACTCGGGCTTTTATCCAGCATC
TTATGACTCTGTTAGCCAAGATAGTTGGCTTCCGTCCGGAATCAACTGGCTTCCTCAGCC
GTGATTTCCGGCTTCTCTTCTGACATGGATGGTTTCTTTAACATCTTTGGTCGGCTTCCG
TCTGGAATCTATTGGCTTCCCACGCAGTGATGTCCAGCTTATCAACTGACATAGATGGTT
TCGTTAACATCTTTTAGTCGGCTTCCATATTTGTTTGCTTTAAATAATTTCATGGGATTT
CTCATT"
>"AT4G24960 | reverse| DRE: GCCGAC;"
"TCTTCCTTTGCAAGATTTTTGGAAATGTTTAGGGGCTCTGTGAAATAAGAGAGAAAGAG
AGAGCGACAAGTCTGTGTAAATTTCGAGGCGAATCAATTTTATGTAGAAGAAGAAGACAA
AGAAATGTGAAAGGAAGAACCTAATTTATAGAAGGAAGGTAAAGGTATCTAAGAGAGAAA
TGGTACGGTTTGCTACAGAAGTTGGTTGGTTCACACACTTTTCATTGGCTCTTATTGGTG
GAATATCATAAATAATATTTTATTTTTATTTTTTTAATTAACGTCGTACTAGAACGCTGA
TGCCGACATACAACTAGTCCGGTCTGGTCTGTCTTTGGTCTGTCTGGTTCGATTGGGTTC
GGTTAGTTTATCCCACACGTGGCGAGATTCTAAGCTTGAAGGCGTCGACATGGCACCGAC
CTTAAGAATAAAAAAGACAAGACGTCGGTCGGTGAGAGCTTATGTCATTTCTTTATTTCT
TTATTAATCTTTTAAAGAGATACTTTTGTCATTTTATTAATCTTTTTGCTGATTATTATT
TTACCTTCTTTGCAAAGTTCAAAATTTGTGATTAGTTTGATTAAGGGTGAAACTAATGGG
TTTGAT"
>"AT4G24960 | reverse| DRE: ACCGAC;"
"AGACAAAGAAATGTGAAAGGAAGAACCTAATTTATAGAAGGAAGGTAAAGGTATCTAAG
AGAGAAATGGTACGGTTTGCTACAGAAGTTGGTTGGTTCACACACTTTTCATTGGCTCTT
ATTGGTGGAATATCATAAATAATATTTTATTTTTATTTTTTTAATTAACGTCGTACTAGA
ACGCTGATGCCGACATACAACTAGTCCGGTCTGGTCTGTCTTTGGTCTGTCTGGTTCGAT
TGGGTTCGGTTAGTTTATCCCACACGTGGCGAGATTCTAAGCTTGAAGGCGTCGACATGG
CACCGACCTTAAGAATAAAAAAGACAAGACGTCGGTCGGTGAGAGCTTATGTCATTTCTT
TATTTCTTTATTAATCTTTTAAAGAGATACTTTTGTCATTTTATTAATCTTTTTGCTGAT
TATTATTTTACCTTCTTTGCAAAGTTCAAAATTTGTGATTAGTTTGATTAAGGGTGAAAC
TAATGGGTTTGATTTTCTCCCAAGTCACGTAAGCTTCGGAAAAAGTTATGACCCAATTAC
ATTCTTTTGTTCCTTTGATAGTCTAATTATATATATTTTGAATCTTCTTAACAAGTAACT
TCGTAA"
>"AT5G17460 | reverse| DRE: ACCGAC;"
"ACATTATTTGGTCATTATAACGGATACTAATTCTGGACTTAGATACCTTATGTGATCAC
ATATATCTAAAAAGTGGAATCATTATTTGTCAAGCAAATACAAAGCATGATTATAATTAA
TGACAAGAAAGTCAAATGGGAATAGATCGAGAGACTTTGGGATAAACTTTTCTGGCCGGA
TGACCCATTATACGACGACCCTTGGCGTGTTTAAAGATATACACCACCGCACCAACTGGC
CACTCGATGATTCCGGTTATCAGAAAAGCCACGAACCCTAAAGTTGGTCCAACCACTTTG
CACCGACAGGGGTTTTGTCTTGTTCCGCACTGTACACACGCCGGAAACACCATCGTTTTG
AGAATATAGTATTGTAGTACGATCTATTATCGATGATCGATGTAGTTTTTTTGTGGAGAA
ATCAGATTCAAGGAGAGTGGAAATGTGATTTGTTTGATTTGTGAGAGTTGGATCTTTTAT
AGAGACGAATCATATGAGTTTTTTTAATATCTTTCTTGTTTCCACGTAGGGTCAGTGTGT
TACTATTTTTAATCGTTATAGATATTTTTGGGTTATTATGTCGGCCTGTTACTAT"
>"AT1G01470 | reverse| DRE: ACCGAC;"
"ATTTTATAATGGTTTGTGTACGTGTGAGGGTTTTCCACGAGTGAGAGTGAAAGCGTGGG
TTATACGTGTCTTCTGCTTGATTTTTGATTTTTTCGTTACATGACAACAATATTTTATTT
CAAAAATATATCATTCATGAAAATAGATATTTTGTTTGCAGTTATAGCTAAACTAGATAA
TTAAATACCTTTTTAGATAGTCACACGATAAATTTAATACCAAAAAAATGGAAAGTATTA
TACAAAACTAAAAGAGGGAAAAGTATTCGCGTAAGGAATAAGATGCGCAAGGGATTAATG
GACCGACCATGTCCCCCCATATGCACGTCGGTGGAATGTAGTAGTACTCCCATGCATTGC
GGTACACTATATGGACAATGCACTTATGACCCGTATTGGTATGGGTTTCTGATGGATATT
AAGGTCAAACTTAAATGGGCCACAGGCCATAAGCCCATTCAAATTTGTAACTGGACTATG
ATCACTGTGAAGTCGTGAATCTTCTTCTCTTAAAAACAAAACTTTGACATGATCACTGTG
AAGTCGTGCACTGTAGGCATGTCACGTGTTGATGGATGATTAGTGGAAAGGGATTGGAAG
AAGCGT"
>"AT1G20440 | reverse| DRE: ACCGAC;"
"TAGCAGATTTTAATTTTGAAATCAATTTGTTTTTATAAGTATAACAGTTTAGGTAAGGG
ATGTCGTTTTGTGCCTTGTATGATAACAGACGAAAGCTTTTTCCTTATAAAATTTAACAG
ATGGGGCATTTGAGAACGCACAATTTCGGATTTTGCTTAAATTCATTAAATTATATGAAT
CGTGCTCGGTTGAAAGATTTAAGACGTTGTGCCACTTGATAAATTGAGACGTTTCATGAA
CACGCAACCCGTAATTAACAGACCGAATTTTAAAAAGTTTAGGCATTGGGGTGGTCACTC
TACCGACACATGATACCAAACAAAGCAATCGTTTTCGTTTGCTACATTGATTTAATTAAT
CTGTTACGTTAAACTTTACAACAAATATTTTTGTGCACCACATGTAAACTTACCTGAGCT
TAAAAGGAAAAAACAAAAACGAAAAAATCTAGTTTTCTTATAGAAATGTCAAATGTTACT
GTATATGACTAAAAACA"
>"AT1G20450 | reverse| DRE: ACCGAC;"
"TGTATGTAATGTGGTGTTGTTTGTCAGCTTATATTACTAACGTAAACTTCATTTAATTT
GTCATTACATTTAAATAAGATTGAACAGATATACAAAAAAAAAAAAAAAAAAAAAGATTG
AACAGATAGGGGGCATTGAGAAGGCACCATTTTCGGATTTTGCTTATAGATTATGAATCG
TGTTCGGTTGAAAGATTCATCACAACGACGTGCCACTTAATAAAATGTGACGTTTTCATA
TACACGCAACTTGTAACATACCGATCGAATCTTTTATATTAGGCATTAGGATGGTCACTG
TACCGACACATACCAAACAAAGCAATCGTTTTCATTTCTATATTGAACTAATTTTTATTT
AATTAACAAATTATTTTGTCCACCT"
>"AT1G22730 | reverse| DRE: ACCGAC;"
"CAATGACCTCAACTATCATATTGTAGTATCGTATAGTTGAAACAATTTCTTAGAATGCA
ATGGAAACAGTTTACGACTTTTACTATAATCCTTGCCACTGCTGAATTGTCGGTCAATGA
TCATAAAATCATCAGCACATTCCACGGGTAACCCTTATGTTCTAAACGGCTGTAAAGGTC
AGTACGTACTCCAAGTCATCAATACTATATTAAGATCATCATCTGATTCATCTCATTAAT
GATCGATCATCCAGATATTGACGAGTGTAAGGAGCTTGCAAATGGACGTCCTAATATTTG
TACCGACGGTGGAACTTGCCAAAATAGTCCCGAAAGCTATCGATGCGACTTGCGAGATCA
GAAAGAGTCAGACGATCCTCATTTGTGTAGGTACGTAAATTTCAGTTTTGTATACCATCC
TCGAATTTATTAAAAGTTAGAAAATCGACCTTACAAAAGTAACGTCTACAAAAATAACTA
ATTCAGCATACTACTGTAAACTGTTATACATTTTAATATATGTTTATAAAAAATATATTT
GTAACTAAAGATGAAAAGTTTATTAACAAACTAAGAATTTGTGAATAAGAAACTATTCCT
TCAAAA"
>"AT5G17460 | reverse| DRE: GCCGAC;"
"TAGTCGTGACTCGTGATATCTTGCAGAATCCGTAATTCCGTATACTTGACGAGGTGCTG
TAAGTATTAGATGTTATCGTGATGTTTCTGCTCTTCTTCGATCGCCACATCAAAATTATA
CCATATTTTTGAATCTAAAGATTGTTACGAATGCATAAGCATATATGTAAGAAAACAATA
ATCACCTATATTTATCAAAATTAAAGATCTATCGATTGATCTTTCTGACTTGCAAAGAGA
GACTCCACATAAATGTAAACACGGTTAAAATACTTGAATACCTCAATCATTGTCGTGCCA
CGCCGACATAGTCAATTAGTCATAACTTGACCCTCCAAAAAAGCCTAACGTAAGAGAGTT
TCACAAACTTATTTCCAATTATCTTAAGCCACGTGTTTAGTGACCTTTGTGCTGGCCCTG
AAACGTGTCTATCTTATCGACCCCTCTTTAAACTCAAAACTCAAAAATAATAATTAAATA
GTAACAGGCCGACATAATAACCCAAAAATATCTATAACGATTAAAAATAGTAACACACTG
ACCCTACGTGGAAACAAGAAAGATATTAAAAAAACTCATATGATTCGTCTCTATAAAAGA
TCCAAC"
>"AT5G17460 | reverse| DRE: GCCGAC;"
"ATATTTATCAAAATTAAAGATCTATCGATTGATCTTTCTGACTTGCAAAGAGAGACTCC
ACATAAATGTAAACACGGTTAAAATACTTGAATACCTCAATCATTGTCGTGCCACGCCGA
CATAGTCAATTAGTCATAACTTGACCCTCCAAAAAAGCCTAACGTAAGAGAGTTTCACAA
ACTTATTTCCAATTATCTTAAGCCACGTGTTTAGTGACCTTTGTGCTGGCCCTGAAACGT
GTCTATCTTATCGACCCCTCTTTAAACTCAAAACTCAAAAATAATAATTAAATAGTAACA
GGCCGACATAATAACCCAAAAATATCTATAACGATTAAAAATAGTAACACACTGACCCTA
CGTGGAAACAAGAAAGATATTAAAAAAACTCATATGATTCGTCTCTATAAAAGATCCAAC
TCTCAC"
