>"AT1G01470 | DRE: ACCGAC;"
"AAATCAAGCAGAAGACACGTATAACCCACGCTTTCACTCTCACTCGTGGAAAACCCTCA
CACGTACACAAACCATTATAAAATTTAATCCATTTACATCGACCGACTTCATAAGAACAT
CGTAATCCCATCCGTTTATATATATATTCCAAGTTAAACTTCATATCATACACACAAACC
TAAAACACCGAAACAAAAACAAAGAG"
>"AT1G20440 | DRE: ACCGAC;"
"CGATTATCTAATATTAGTTTAACTCTTCATCTATATATTAAAAACATATATCGTTTAAA
TTAAGAAAAAAGTGGTGATACTGATATCATGATATTCATCTACCGACTTCAAGAAATAAG
AGGGGTCATTATACAATTCAAGAAATAAATATCCATCTTTTTGGATCATTTTAAAAATAA
TTAAATCTTTACAGCGTTACCTCCGC"
>"AT1G20450 | DRE: ACCGAC;"
"TATGCAAATATCTAATATAAGTTAACTCTATATCAATATATTAAAAACATAAATCCTTA
AATTAAGAAAAAATATGGGGTGATTTCATTGATATTCATCCACCGACCGACCGACGTAAA
AGAAAATGGGTTCACTCTGCAACTTAAGAAATAGTAAACGTCCTTTGCCATAATTTAAAA
AACTAATGAAATCTTTAACAGCGTGT"
>"AT1G20450 | DRE: ACCGAC;"
"TATCTAATATAAGTTAACTCTATATCAATATATTAAAAACATAAATCCTTAAATTAAGA
AAAAATATGGGGTGATTTCATTGATATTCATCCACCGACCGACCGACGTAAAAGAAAATG
GGTTCACTCTGCAACTTAAGAAATAGTAAACGTCCTTTGCCATAATTTAAAAAACTAATG
AAATCTTTAACAGCGTGTGACCTCCG"
>"AT1G22985 | DRE: ACCGAC;"
"TTCCTTCATGATTTTACTTTTTTACCAATTAACTTAATAATATTTTTGTCCGAAAACAG
ATTTTTCGAAATATTTGTTGGTCATCAATTTTGAATTCAAAACCGACTTGATGAGATTGA
TCAATAGTTCAATACTCATAATTACACACGGATTCTAAAAGATAAGAGAAACAGTAAGTC
GGTTAATTTTGGATTAAGTAACGCAC"
>"AT1G52690 | DRE: GCCGAC;"
"TCGCACATAACTCCAAGTTTCGAAACTTCGTCACATCAACCTAATCGGGGCACGTACCT
ACACACCTGTCGCGAAACTGCAACACCTATCTTGTTCTCTCGCCGACCAAGACTTGCTAT
AAATAACTCTGACTAACGAGTCGGAGACAACTCACAGTTCCAAACACACAAAAAACACAA
GATCTAAAAAAAAAAGCTTTTATCAT"
>"AT1G69870 | DRE: ACCGAC;"
"CTTTAGAGAAAATAAAATCTCGCTTATTTATGAGATATCATATCATTTTTAGGTAAAAA
AGATTAGATGTCCTTTTGAGACACATCATACCATATATATGACCGACAACACACATAAAA
CCGCGTGAACAAAAAATATCATCCATCAACCCCTTACGATGCAAATGTACTGTAAAAGAT
GGTTCATTAATTTAACATCGTATTTT"
>"AT2G17840 | DRE: ACCGAC;"
"TAAATAATATAAAGTTTTAGTGATACGCAACTGCATAATAAATTATCTTTAAGTACACT
CTTTTTTTGAGTTTAATGCAATTTCCGAGACGAAAAAAGCGACCGACCGACATGAGAACA
ATTAACCGTGTAACAGCGCGGGAAAGATGTCGACAAGGTGAGTTATAACCGAACCGGTTT
ATACCGTTTTACACGCGTCATTTACG"
>"AT2G21660 | DRE: ACCGAC;"
"TCCATTTGCGCATTAAACCAAAAAGTGTCACGTGATATGTCCCCAACCACTACGAATTT
TAACTACAGATTTAACCATGGTTAAACCAGAATTCACGTAAACCGACTCTAAACCTAGAA
AATATCTAAACCTTGGTTAATATCTCAGCCCCCTTATAAATAACGAGACTTCGTCTACAT
CGTTCTACACATCTCACTGCTCACTA"
>"AT2G42530 | DRE: GCCGAC;"
"ATTAATGTTGAAAGTTGCAAATAAAACAGAAATGCTAACATGTAAATATCGTAGCCAAA
AATGCTAACATGTGTATAACGGTTATAACCACAACTTGATGGCCGACCTCTTTTTTCTTT
TGGTAACCATAGAAATGGTTACACGTAACTAGTACGAACCAACGAAAACTCTTCTTATTC
GATAGTTAAAGATAATAGCAATGCGC"
>"AT2G42540 | DRE: GCCGAC;"
"ATTTGGGCTATTAGTTTTACATTTAGGCTTGCAACCTTGTCGGTTTATTTTGTGTAGGC
TTTTGGTAGATTTGGGCTTGCAAACCCAAATTAACTTGTTGGCCGACATACATTTGTTTC
TATTACAAATTTAACAACAAACGTCAATAAATACACGTGAAGGAAATGAGAACGACCCTC
TTAAGTAGTACTGGAAATTGAAAAAA"
>"AT2G42540 | DRE: GCCGAC;"
"TCTTAAGTAGTACTGGAAATTGAAAAAAAGAAATCTAGAAATGCTAACATGTAAGTTTT
TGTTACCAAAAATGCAATTTGTATGTAGCCACAATTTCATGGCCGACCTGCTTTTTTTTT
CTTCTTCTTTCTGAAAACCACAAATATGATTACACGTGGCCTGAAAAGAACGAACAGAAA
CTCGGTAATGTGCAAAAAATATCTTA"
>"AT3G09390 | DRE: ACCGAC;"
"ATAAGACCATAACACACGGAACATCGGTACGCTCTCGAACGTACAAGAATCGACGACAC
ACAAACACTCCACAATTATTTGAACACTGGACAATTATTGAACCGACGTACGAGAATCAA
TGCGCTGAGGGTAAAGACGTAAATGAAGAACTAGTTTTGGAGATAAGAGCGGAGAAAGAT
TGCGACACATGTATGGTCAATATTAA"
>"AT3G24190 | DRE: GCCGAC;"
"GTTCTATACATGAGTTGTGATTTTCTCCAATGTTAATAAGTGAATATCGAAATCAACGG
AGGAATAGAAAATATAATAAAAGCCGAAAAACCAAGGTGGCGCCGACGTAGCACAAAGAA
AAAGTACAAAAAAGTCAAAACTCGTTGCCGACGTAATGACTATCGGTGTAAATCCGAGGT
CGCGACTTCGAATCGTTCTAAAACCC"
>"AT3G24190 | DRE: GCCGAC;"
"ATCGAAATCAACGGAGGAATAGAAAATATAATAAAAGCCGAAAAACCAAGGTGGCGCCG
ACGTAGCACAAAGAAAAAGTACAAAAAAGTCAAAACTCGTTGCCGACGTAATGACTATCG
GTGTAAATCCGAGGTCGCGACTTCGAATCGTTCTAAAACCCATTTTACATGCTCCCATTT
TTTTTTTCGAACAAATGATGTCACAA"
>"AT3G50970 | DRE: ACCGAC;"
"TTTTTAGTTTAGTAAAAGATATGCATTATTGGGCCTTTCATATCTAAAGGCCCACAGGC
CCATATAAGTTAAAATTACGTCGGTCGCTAACCACTACTACACCGACGTCTTACTTGCCA
TGTGTGTGTGACTCTTAATCAATTACGAATTGAATATATTACTTTTACGATGTCGGCCAA
CACGTATTGAGTAAAATATCTATGTG"
>"AT4G14000 | DRE: GCCGAC;"
"AAAAGATAAATCAGTGAAAACAATTGATTAGTGAAATTTACTAAATTGCAATCACCAAT
GAGAAATCCCATGAAATTATTTAAAGCAAACAAATATGGAAGCCGACTAAAAGATGTTAA
CGAAACCATCTATGTCAGTTGATAAGCTGGACATCACTGCGTGGGAAGCCAATAGATTCC
AGACGGAAGCCGACCAAAGATGTTAA"
>"AT4G14000 | DRE: GCCGAC;"
"AACAAATATGGAAGCCGACTAAAAGATGTTAACGAAACCATCTATGTCAGTTGATAAGC
TGGACATCACTGCGTGGGAAGCCAATAGATTCCAGACGGAAGCCGACCAAAGATGTTAAA
GAAACCATCCATGTCAGAAGAGAAGCCGGAAATCACGGCTGAGGAAGCCAGTTGATTCCG
GACGGAAGCCAACTATCTTGGCTAAC"
>"AT4G14000 | DRE: ACCGAC;"
"TCATATTTTCTCTTAATTCAAAAGTTAATTGTGTATAATTTGATTGGTTCCCCCAAAAG
AAAAATTGATTGGTTTAGTGAACCGATAAATCCAATCTCGTACCGACCGGTTCAATGGGT
TTTGTATTTGCTCCTCTGTGCTCTGGCCTCTACACTTTGGATAGCTGCCGCCGAAGTTTT
GTGCA"
>"AT4G15910 | DRE: ACCGAC;"
"AAAAAGAGACGGTGATGGTGAGCTCGTTTGCGCGAAGACACCTGTGTGTTGGTTTTGCA
ATACGTAAGTGACACGTTCTAGTTATCATCATTCAGATCTCACCGACCTCTTCTGATCTT
TTGTACCAAAGTATACTTGTTTATTCGCAGATCTTTTGTAGACTTTTCACCTTTTTAACT
GCCAGTATCGTTTAGTGGAAGACGTA"
>"AT4G24960 | DRE: ACCGAC;"
"GCAAAGAAGGTAAAATAATAATCAGCAAAAAGATTAATAAAATGACAAAAGTATCTCTT
TAAAAGATTAATAAAGAAATAAAGAAATGACATAAGCTCTCACCGACCGACGTCTTGTCT
TTTTTATTCTTAAGGTCGGTGCCATGTCGACGCCTTCAAGCTTAGAATCTCGCCACGTGT
GGGATAAACTAACCGAACCCAATCGA"
>"AT4G33070 | DRE: ACCGAC;"
"TTGATGTTCAATTTTGGAAAATTAAGATATTTCCAATGGTAATAATCTGTTACAGCCTT
ACTGGGAGTAGTATGATACTAAAACAGTAAATGCATTTTAGACCGACATAAACAATAATT
AAGAAGAAGAATGTTTGGGTCAAATCTCAAAGTTAGATATTATTTTTTTGCTTTTTGCAC
AAGAAAACAGAAACCAAAAACCACTA"
>"AT4G35300 | DRE: GCCGAC;"
"TAGTTTCTCGTATAAGTCCCAATGAATCTAAGATTTCAAAAACCAATCCTATATTTGTT
TCATATTTACAAAAAAACACCAAATATTTTTCCCCAATTATGCCGACATTAAACTCATCT
TTTTACATACAAAATCCCAAATTAATATCCGTTTTTACCTTTACTTCATGAAAGCGAAGA
TGGTAAAAAGCAGAAACATTTCGAGA"
>"AT5G04340 | DRE: GCCGAC;"
"GATTAAAATTAAAAAGGTTACGTTGATATTGATGGGTTTAGACATTAATAGTAGGTATT
AATTCGATAAGTTATGAAAAGACAGTAAAACTGGTTAAGTAGCCGACTTAATTTGGCCTT
TTGTATCTCCACTTGGTTGGTTGGTTGGTTGGTTGGTCAGCAAAACACCTAAGTGAGAGC
TCTCTAGAATATTCTTAAGTGATAAG"
>"AT5G04340 | DRE: GCCGAC;"
"AACACCTAAGTGAGAGCTCTCTAGAATATTCTTAAGTGATAAGAATTGAAGAAGGCGGC
ATTACTTACTTACTAGAAAGAAATGAGAACAAGTCTTCTTAGCCGACTTCCACAAACACG
TGTACCAAGTCAAACCAAATGTGCCCAAACCAAACTTAGATACTTTCACTTTTCATCTCT
AGTCCACACAACATTATATATAATTA"
>"AT5G15960 | DRE: ACCGAC;"
"GAGAGGATCATACTCTCACACAGAAAGAGTCACATTATTATATCCTCTAAAAAACCAAA
CTAAAACGACACGTGAAGTCTTGATCAGCCGATAAATAGCTACCGACATAAGGCAAAACT
GATCGTACCATCAAATGTAATCCACGTGGTTTTAGATTACTCGTGGCACCACACTCCCTT
TAGCCTATAAATATAAACCATTAAGC"
>"AT5G15970 | DRE: ACCGAC;"
"GGACCACACACTCGCACAGAAAGAGTCTCATATCCTCTATAACAAATTGATAAACTAAA
CTAAAACGACACGTGATGTCTTGATCAGCCAATAAAAAGCTACCGACATAAGGCAAAAAT
GATCGTACCATTAAACGTAATCCACGTGGTTTCAGATTACACGTGGCACCACACAAGTAT
CTCCATTTGGCCTATAAATATAAACC"
>"AT5G52300 | DRE: ACCGAC;"
"AGTTGATAGCTGAATTGATTTTTTCTTTTGCCGTTTTGTTATATTTAAACAACACACAG
TGCATTTGCCAAATAACTACATGATGGGCCAATAAACGTGGACCGACTAAAACTAAATAA
TAGAAGATACATCGATAGGCTTCTCTAAAGATCGGATAAAAGATAATGTCGCATAGCCAC
GTAGAGAGCAACTGGCTGAGACGTGG"
>"AT5G52310 | DRE: GCCGAC;"
"TATCATACCGACATCAGTTTGAAAGAAAAGGGAAAAAAAGAAAAAATAAATAAAAGATA
TACTACCGACATGAGTTCCAAAAAGCAAAAAAAAAGATCAAGCCGACACAGACACGCGTA
GAGAGCAAAATGACTTTGACGTCACACCACGAAAACAGACGCTTCATACGTGTCCCTTTA
TCTCTCTCAGTCTCTCTATAAACTTA"
>"AT5G52310 | DRE: ACCGAC;"
"GGAGAAATACAATTCGAATGAGAAGGATGTGCCGTTTGTTATAATAAACAGCCACACGA
CGTAAACGTAAAATGACCACATGATGGGCCAATAGACATGGACCGACTACTAATAATAGT
AAGTTACATTTTAGGATGGAATAAATATCATACCGACATCAGTTTGAAAGAAAAGGGAAA
AAAAGAAAAAATAAATAAAAGATATA"
>"AT5G52310 | DRE: ACCGAC;"
"GCCACACGACGTAAACGTAAAATGACCACATGATGGGCCAATAGACATGGACCGACTAC
TAATAATAGTAAGTTACATTTTAGGATGGAATAAATATCATACCGACATCAGTTTGAAAG
AAAAGGGAAAAAAAGAAAAAATAAATAAAAGATATACTACCGACATGAGTTCCAAAAAGC
AAAAAAAAAGATCAAGCCGACACAGA"
>"AT5G52310 | DRE: ACCGAC;"
"ACTAATAATAGTAAGTTACATTTTAGGATGGAATAAATATCATACCGACATCAGTTTGA
AAGAAAAGGGAAAAAAAGAAAAAATAAATAAAAGATATACTACCGACATGAGTTCCAAAA
AGCAAAAAAAAAGATCAAGCCGACACAGACACGCGTAGAGAGCAAAATGACTTTGACGTC
ACACCACGAAAACAGACGCTTCATAC"
>"AT5G58670 | DRE: GCCGAC;"
"TACACACACTTCGCCACGTTTTTTTTTTACTTTGGGTCAACGGTTCTGTTTTCAGTCAG
CGGCTCTGTTTCGGTTTATAATACTAACTTTATTTCGGACAGCCGACAGATCATTCTCAT
TTTTCTTTCTTTATCTATTTTTGTACTAAGAATAATTCATAGATTTTTTCCTAGAAAAAT
TCATAGATTTAATTGGTTCATTGAGA"
>"AT5G62350 | DRE: GCCGAC;"
"AGACTATTAGTTTGGTTTCAAATTAGATTAATTAGTTTAACCAAACTGAACATATCCCT
AGATTGTAAAAGTCTAATATATCCACTAATTATTTTTGCTTGCCGACCTCTAATCCACAA
CTTTTTGTTTTTCCATTTCCACTGATTTTCAACATTCCACCGGGTGTTACCAACAGTAAC
ATACATACAGTGAATTTTTTCAACAC"
>"AT5G62350 | DRE: ACCGAC;"
"TGTTTCCGTCTTGATTCGAATAAAAACGACAAATGTTATCTCTACCCGTATCCGATTAT
GTTTAATATATTATGCATTGATATTTCACGCTACGATCTGGACCGACGTTTAGTGTGGAC
CCTGTCACGAGTTTTATCTATGACGGACCAAAAGAAAAACTAATTAAAGCAGAATATCAA
AGTTAGTCGGGTAAGTTCCAACTAAT"
>"AT5G62350 | DRE: ACCGAC;"
"ATTCCACCGGGTGTTACCAACAGTAACATACATACAGTGAATTTTTTCAACACTCCACC
GCATGTTACCAATAGTAGCAAAACCCTCGACAAAAATTTGTACCGACTATAAATATTCAA
CTCCAACTCTTTCCTCTCCACACACTCAAATATCTCTCCAACACTAAAATAATTGTACCG
ACTCTCTCTCTCTCTCTCTCCGTAAC"
>"AT5G62350 | DRE: ACCGAC;"
"AGCAAAACCCTCGACAAAAATTTGTACCGACTATAAATATTCAACTCCAACTCTTTCCT
CTCCACACACTCAAATATCTCTCCAACACTAAAATAATTGTACCGACTCTCTCTCTCTCT
CTCTCCGTAACAAAAAAATCACCA"
>"AT2G23120 | DRE: GCCGAC;"
"TTGTTTGGTTCAACTCAATTATTCGCCTTAAACCCACTTTAAGAAAAGCCCACTGAAAA
GCCTACTTTAAAATTCAACCAAAAGGCCCATAAGTACTACAGCCGACATCAGCAGACAAC
AAGCCACGTCGATCTCGAGGAACCGCGTAATTAACGTGTCGGAATCACACGAGCCACCGT
GTACTAGATAGCTCCATAAAAGCAGA"
>"AT2G23120 | DRE: GCCGAC;"
"AAACTAACAAAACAAAAAAAAAAATGGAGGCCGGGAAAACACCACCGACGACGACAACA
ACGACGGAGAAGAAAACGGAGCAAGTGAAAGACAACGACTTGCCGACCGATAGCCCTTAC
ATGGCGACGGGTACTTTGGAAGATTACAAATTGAAAGCTTATGGAGCCGAAGGTCACCAA
GAGCCTACTCCTGGTCTTGGAGGTGG"
>"AT2G23120 | DRE: ACCGAC;"
"ACATCTCATGAAGCAGAACCTAAAACCTTTAATAGCAAACGAAAAATAAAAAAGAAGAA
ACTAACAAAACAAAAAAAAAAATGGAGGCCGGGAAAACACCACCGACGACGACAACAACG
ACGGAGAAGAAAACGGAGCAAGTGAAAGACAACGACTTGCCGACCGATAGCCCTTACATG
GCGACGGGTACTTTGGAAGATTACAA"
>"AT1G01470 | DRE: ACCGAC;"
"AAGTTTGACCTTAATATCCATCAGAAACCCATACCAATACGGGTCATAAGTGCATTGTC
CATATAGTGTACCGCAATGCATGGGAGTACTACTACATTCCACCGACGTGCATATGGGGG
GACATGGTCGGTCCATTAATCCCTTGCGCATCTTATTCCTTACGCGAATACTTTTCCCTC
TTTTAGTTTTGTATAATACTTTCCAT"
>"AT1G01470 | DRE: ACCGAC;"
"AAATCAAGCAGAAGACACGTATAACCCACGCTTTCACTCTCACTCGTGGAAAACCCTCA
CACGTACACAAACCATTATAAAATTTAATCCATTTACATCGACCGACTTCATAAGAACAT
CGTAATCCCATCCGTTTATATATATATTCCAAGTTAAACTTCATATCATACACACAAACC
TAAAACACCGAAACAAAAACAAAGAG"
>"AT1G20440 | DRE: GCCGAC;"
"GGATTAGAGGAGTGACAAAAAAAAAAAAAAAAAAAAAAAGGATTAGAGGAGTAATGGCA
TGTTAGTAATTTACCCGAAAAATATCTGCAATCTAGCTTTAGCCGACGTGTCTAATGGCC
CACATGACCGACATCTATGCTTAAAGCCAATCAAAGCCGACCATTCAGCTCCATGTGTGG
GCCCGTTCCCACCTCTTTTAATACGT"
>"AT1G20440 | DRE: GCCGAC;"
"TGGCATGTTAGTAATTTACCCGAAAAATATCTGCAATCTAGCTTTAGCCGACGTGTCTA
ATGGCCCACATGACCGACATCTATGCTTAAAGCCAATCAAAGCCGACCATTCAGCTCCAT
GTGTGGGCCCGTTCCCACCTCTTTTAATACGTGTCAGTAAATTATTGGTTCAATTCATGC
CTTCTACATTATTCTGTTTTTCTTCT"
>"AT1G20440 | DRE: ACCGAC;"
"AAAAAAAAAAAAAAGGATTAGAGGAGTAATGGCATGTTAGTAATTTACCCGAAAAATAT
CTGCAATCTAGCTTTAGCCGACGTGTCTAATGGCCCACATGACCGACATCTATGCTTAAA
GCCAATCAAAGCCGACCATTCAGCTCCATGTGTGGGCCCGTTCCCACCTCTTTTAATACG
TGTCAGTAAATTATTGGTTCAATTCA"
>"AT1G20440 | DRE: ACCGAC;"
"CGATTATCTAATATTAGTTTAACTCTTCATCTATATATTAAAAACATATATCGTTTAAA
TTAAGAAAAAAGTGGTGATACTGATATCATGATATTCATCTACCGACTTCAAGAAATAAG
AGGGGTCATTATACAATTCAAGA"
>"AT1G20450 | DRE: GCCGAC;"
"TTTTACTTTGCTGCATGTTTTTACTTTCTTTTTGTAACGTCTTAAAAAGGTGATTAACG
TCAACTTAATTCACCGAAAGTCTCTGCAATTGATATTTTCTGCCGACGTGGCATAAGAAG
TCCGATTGGCCCACATGACCGACATCCACGCTTAAACCAATCAAAACCGGCCATTCAGTT
CCATCTGTGGGCTCCTGAAACGTTCT"
>"AT1G20450 | DRE: ACCGAC;"
"ACGTCTTAAAAAGGTGATTAACGTCAACTTAATTCACCGAAAGTCTCTGCAATTGATAT
TTTCTGCCGACGTGGCATAAGAAGTCCGATTGGCCCACATGACCGACATCCACGCTTAAA
CCAATCAAAACCGGCCATTCAGTTCCATCTGTGGGCTCCTGAAACGTTCTCTTGACACGT
GTTTACCATATATTGGCTTAATCCAT"
>"AT1G20450 | DRE: ACCGAC;"
"TATGCAAATATCTAATATAAGTTAACTCTATATCAATATATTAAAAACATAAATCCTTA
AATTAAGAAAAAATATGGGGTGATTTCATTGATATTCATCCACCGACCGACCGACGTAAA
AGAAAATGGGTTCACTCTGCAACTTAAGAAATAGTAAACGTCCTTTGCCATAATTTAAAA
AACTAATGAAATCTTTAACAGCGTGT"
>"AT1G20450 | DRE: ACCGAC;"
"TATCTAATATAAGTTAACTCTATATCAATATATTAAAAACATAAATCCTTAAATTAAGA
AAAAATATGGGGTGATTTCATTGATATTCATCCACCGACCGACCGACGTAAAAGAAAATG
GGTTCACTCTGCAACTTAAGAAATAGTAAACGTCCTTTGCCATAATTTAAAAAACTAATG
AAATCTTTAACAGCGTGTGACCTCCG"
>"AT1G22730 | DRE: ACCGAC;"
"CTTAATATAGTATTGATGACTTGGAGTACGTACTGACCTTTACAGCCGTTTAGAACATA
AGGGTTACCCGTGGAATGTGCTGATGATTTTATGATCATTGACCGACAATTCAGCAGTGG
CAAGGATTATAGTAAAAGTCGTAAACTGTTTCCATTGCATTCTAAGAAATTGTTTCAACT
ATACGATACTACAATATGATAGTTGA"
>"AT4G14000 | DRE: GCCGAC;"
"AAAAGATAAATCAGTGAAAACAATTGATTAGTGAAATTTACTAAATTGCAATCACCAAT
GAGAAATCCCATGAAATTATTTAAAGCAAACAAATATGGAAGCCGACTAAAAGATGTTAA
CGAAACCATCTATGTCAGTTGATAAGCTGGACATCACTGCGTGGGAAGCCAATAGATTCC
AGACGGAAGCCGACCAAAGATGTTAA"
>"AT4G14000 | DRE: GCCGAC;"
"AACAAATATGGAAGCCGACTAAAAGATGTTAACGAAACCATCTATGTCAGTTGATAAGC
TGGACATCACTGCGTGGGAAGCCAATAGATTCCAGACGGAAGCCGACCAAAGATGTTAAA
GAAACCATCCATGTCAGAAGAGAAGCCGGAAATCACGGCTGAGGAAGCCAGTTGATTCCG
GACGGAAGCCAACTATCTTGGCTAAC"
>"AT4G14000 | DRE: ACCGAC;"
"AACATGAGCCTAAACATAACCCTAATGAAGAGGAAAATACAAAAAGCCTCCATCACTAA
CACGTGTTTCAATTAGAACAAACAGAGAGCTTCCATCACAGACCGACTTTAACCTTGCCG
TTCACCACCGATTCCGGTGACAAGAGTCATCGTCGATATTAATTTGTTCAGTAAATTTTG
TGGTTTTTCACCGTTTAACAAAATCG"
>"AT1G22985 | reverse| DRE: ACCGAC;"
"GGTTAGGGTTTGTGTCCGCTTCTTTTAAAAGAAAGATTTGTTTGGTTTATGATTCGATC
AGGAGAAGGCTTTGGCTTGTGCGTTACTTAATCCAAAATTAACCGACTTACTGTTTCTCT
TATCTTTTAGAATCCGTGTGTAATTATGAGTATTGAACTATTGATCAATCTCATCAAGTC
GGTTTTGAATTCAAAATTGATGACCA"
>"AT2G42530 | reverse| DRE: ACCGAC;"
"ATGAAATAGAGCATGTACCAGCCAAGAATGAGCTTATTAGATATGTCCCACATTGGTTG
GGTATGTGAGTAATGTGCTCCTTAATTATGTGGTGTGGCATACCGACTTCTAGATGATAT
GTTTGTGACGGGAGATGAGGTGATAATTTGTTGGTGCCGGACCATAATTTTTCCTTCCAC
GGATTGTAATTCACTGCTTGGAATGG"
>"AT2G42540 | reverse| DRE: ACCGAC;"
"GACGTTTGTTGTTAAATTTGTAATAGAAACAAATGTATGTCGGCCAACAAGTTAATTTG
GGTTTGCAAGCCCAAATCTACCAAAAGCCTACACAAAATAAACCGACAAGGTTGCAAGCC
TAAATGTAAAACTAATAGCCCAAATGAGTTGAAACCACAAACCATTTTTTACATGCTGAA
AATAATCTTATCTCGTTTAAGAATTT"
>"AT3G50970 | reverse| DRE: GCCGAC;"
"TGAAGATTAATGATCTCTTGAATGATACTTTTATAGAGATGCAAATTTCATTTTGGATA
GGAATTCATCATCACATAGATATTTTACTCAATACGTGTTGGCCGACATCGTAAAAGTAA
TATATTCAATTCGTAATTGATTAAGAGTCACACACACATGGCAAGTAAGACGTCGGTGTA
GTAGTGGTTAGCGACCGACGTAATTT"
>"AT3G50970 | reverse| DRE: ACCGAC;"
"ACGTGTTGGCCGACATCGTAAAAGTAATATATTCAATTCGTAATTGATTAAGAGTCACA
CACACATGGCAAGTAAGACGTCGGTGTAGTAGTGGTTAGCGACCGACGTAATTTTAACTT
ATATGGGCCTGTGGGCCTTTAGATATGAAAGGCCCAATAATGCATATCTTTTACTAAACT
AAAAAACGATGTCGTTTGGTATGTTT"
>"AT4G14000 | reverse| DRE: ACCGAC;"
"CACAAATAGTAAAAACATTTGCATCCAAAGTTCTTTACAGCAAAACAAAAAGTTCTCTC
TTTTTTCCTACATATCTTTTACAGAGATGAACTCTGTTTCTACCGACTGAATTTTTCAGT
AAATCGCCGTCTCGTATGACTCGGGCTTTTATCCAGCATCTTATGACTCTGTTAGCCAAG
ATAGTTGGCTTCCGTCCGGAATCAAC"
>"AT4G24960 | reverse| DRE: GCCGAC;"
"TTGGTTGGTTCACACACTTTTCATTGGCTCTTATTGGTGGAATATCATAAATAATATTT
TATTTTTATTTTTTTAATTAACGTCGTACTAGAACGCTGATGCCGACATACAACTAGTCC
GGTCTGGTCTGTCTTTGGTCTGTCTGGTTCGATTGGGTTCGGTTAGTTTATCCCACACGT
GGCGAGATTCTAAGCTTGAAGGCGTC"
>"AT4G24960 | reverse| DRE: ACCGAC;"
"TAGTCCGGTCTGGTCTGTCTTTGGTCTGTCTGGTTCGATTGGGTTCGGTTAGTTTATCC
CACACGTGGCGAGATTCTAAGCTTGAAGGCGTCGACATGGCACCGACCTTAAGAATAAAA
AAGACAAGACGTCGGTCGGTGAGAGCTTATGTCATTTCTTTATTTCTTTATTAATCTTTT
AAAGAGATACTTTTGTCATTTTATTA"
>"AT5G17460 | reverse| DRE: ACCGAC;"
"TTGGCGTGTTTAAAGATATACACCACCGCACCAACTGGCCACTCGATGATTCCGGTTAT
CAGAAAAGCCACGAACCCTAAAGTTGGTCCAACCACTTTGCACCGACAGGGGTTTTGTCT
TGTTCCGCACTGTACACACGCCGGAAACACCATCGTTTTGAGAATATAGTATTGTAGTAC
GATCTATTATCGATGATCGATGTAGT"
>"AT1G01470 | reverse| DRE: ACCGAC;"
"CACACGATAAATTTAATACCAAAAAAATGGAAAGTATTATACAAAACTAAAAGAGGGAA
AAGTATTCGCGTAAGGAATAAGATGCGCAAGGGATTAATGGACCGACCATGTCCCCCCAT
ATGCACGTCGGTGGAATGTAGTAGTACTCCCATGCATTGCGGTACACTATATGGACAATG
CACTTATGACCCGTATTGGTATGGGT"
>"AT1G20440 | reverse| DRE: ACCGAC;"
"AGACGTTGTGCCACTTGATAAATTGAGACGTTTCATGAACACGCAACCCGTAATTAACA
GACCGAATTTTAAAAAGTTTAGGCATTGGGGTGGTCACTCTACCGACACATGATACCAAA
CAAAGCAATCGTTTTCGTTTGCTACATTGATTTAATTAATCTGTTACGTTAAACTTTACA
ACAAATATTTTTGTGCACCACATGTA"
>"AT1G20450 | reverse| DRE: ACCGAC;"
"ACAACGACGTGCCACTTAATAAAATGTGACGTTTTCATATACACGCAACTTGTAACATA
CCGATCGAATCTTTTATATTAGGCATTAGGATGGTCACTGTACCGACACATACCAAACAA
AGCAATCGTTTTCATTTCTATATTGAACTAATTTTTATTTAATTAACAAATTATTTTGTC
CACCT"
>"AT1G22730 | reverse| DRE: ACCGAC;"
"ATACTATATTAAGATCATCATCTGATTCATCTCATTAATGATCGATCATCCAGATATTG
ACGAGTGTAAGGAGCTTGCAAATGGACGTCCTAATATTTGTACCGACGGTGGAACTTGCC
AAAATAGTCCCGAAAGCTATCGATGCGACTTGCGAGATCAGAAAGAGTCAGACGATCCTC
ATTTGTGTAGGTACGTAAATTTCAGT"
>"AT5G17460 | reverse| DRE: GCCGAC;"
"TAAAGATCTATCGATTGATCTTTCTGACTTGCAAAGAGAGACTCCACATAAATGTAAAC
ACGGTTAAAATACTTGAATACCTCAATCATTGTCGTGCCACGCCGACATAGTCAATTAGT
CATAACTTGACCCTCCAAAAAAGCCTAACGTAAGAGAGTTTCACAAACTTATTTCCAATT
ATCTTAAGCCACGTGTTTAGTGACCT"
>"AT5G17460 | reverse| DRE: GCCGAC;"
"GCCACGTGTTTAGTGACCTTTGTGCTGGCCCTGAAACGTGTCTATCTTATCGACCCCTC
TTTAAACTCAAAACTCAAAAATAATAATTAAATAGTAACAGGCCGACATAATAACCCAAA
AATATCTATAACGATTAAAAATAGTAACACACTGACCCTACGTGGAAACAAGAAAGATAT
TAAAAAAACTCATATGATTCGTCTCT"
>"AT4G14000 | reverse| DRE: ACCGAC;"
"CACAAATAGTAAAAACATTTGCATCCAAAGTTCTTTACAGCAAAACAAAAAGTTCTCTC
TTTTTTCCTACATATCTTTTACAGAGATGAACTCTGTTTCTACCGACTGAATTTTTCAGT
AAATCGCCGTCTCGTATGACTCGGGCTTTTATCCAGCATCTTATGACTCTGTTAGCCAAG
ATAGTTGGCTTCCGTCCGGAATCAAC"
